"","facebook_S_alphas","facebook_S_gammas","facebook_S_thetas","newsletter_alphas","newsletter_gammas","newsletter_thetas","ooh_S_alphas","ooh_S_gammas","ooh_S_thetas","print_S_alphas","print_S_gammas","print_S_thetas","search_S_alphas","search_S_gammas","search_S_thetas","tv_S_alphas","tv_S_gammas","tv_S_thetas","train_size","rsq_train","rsq_val","rsq_test","nrmse_train","nrmse_val","nrmse_test","nrmse","decomp.rssd","mape","lambda","lambda_hp","lambda_max","lambda_min_ratio","pos","Elapsed","ElapsedAccum","solID","trial","iterNG","iterPar","iterations","coef0","mape.qt10","robynPareto","error_score","cluster","top_sol"
"1",1.29600186425,0.308140981345,0.13047967608,2.596700488,0.87033769779,0.2409190021,0.551925938875,0.6169967591,0.38753764801,2.5942099465,0.80689967006,0.16656456049,1.67441735325,0.87286672107,0.15481739988,1.984480417,0.322623030437,0.307530300855,1,0.951839043009589,NA,NA,0.048987212573221,NA,NA,0.048987212573221,0.377391285859103,0,16321.7882851206,0.0001492744957,65481090.2533626,1e-04,1,0.0900170803070068,107.098261833191,"1_141_9",1,141,9,1269,FALSE,TRUE,2,0.0944423301415278,2,FALSE
"2",0.75643572925,0.38997734669,0.26952616854,2.96493436825,0.80186215478,0.32502928765,0.531630122075,0.91655223966,0.36610952752,2.552983697,0.48266497739,0.108933726055,2.03651794175,0.75329890319,0.12583344324,1.897246412,0.3056392801941,0.31749757809,1,0.952176495044169,NA,NA,0.0488152901867383,NA,NA,0.0488152901867383,0.459261289661124,0,15979.6860416458,0.0001440495299,65481090.2533626,1e-04,1,0.0791189670562744,108.050868988037,"1_143_2",1,143,2,1280,TRUE,TRUE,3,0.13124117505246,2,FALSE
"3",1.616892419,0.41258548,0.18384216006,2.9327771235,0.79736128512,0.25178043361,0.5113266515775,0.82702627936,0.38941935919,2.167543208,0.40387511946,0.13905000655,2.30383214025,0.99832361186,0.20186710188,2.02997766375,0.3035782592867,0.31391075629,1,0.951682664590042,NA,NA,0.0490666787528433,NA,NA,0.0490666787528433,0.347085660002414,0,21740.8974468892,0.0002320411556,65481090.2533626,1e-04,1,0.0792641639709473,133.841923952103,"1_173_4",1,173,4,1552,FALSE,TRUE,2,0.0808215061218351,2,FALSE
"4",1.377098808,0.335441986181,0.05151259626,2.398798447,0.99131906557,0.30022931095,0.54279272535,0.65366851296,0.38197379698,2.12095224075,0.41457503428,0.119258329843,2.16460433125,0.94353825221,0.17909354535,1.59557959475,0.31992064011,0.3007603518005,1,0.951951837591844,NA,NA,0.0489298140959092,NA,NA,0.0489298140959092,0.389539294935857,0,18976.3495180306,0.0001898179061,65481090.2533626,1e-04,1,0.0665240287780762,143.588970899582,"1_185_4",1,185,4,1660,FALSE,TRUE,2,0.0999021825710887,2,FALSE
"5",1.29137060325,0.43810682753,0.25799590782,2.9232283475,0.71557878439,0.24899399632,0.50471031429,0.83367896435,0.38267417461,1.95902558625,0.49891917178,0.16379068582,2.063486728,0.96398111654,0.13856630064,1.43703266325,0.350940971844,0.3037769852055,1,0.951888359839316,NA,NA,0.0489621246912712,NA,NA,0.0489621246912712,0.398045209237031,0,17357.8761526367,0.0001650987815,65481090.2533626,1e-04,1,0.0729391574859619,143.823846817017,"1_185_7",1,185,7,1663,FALSE,TRUE,3,0.103725806537303,2,FALSE
"6",0.96750153275,0.40692344754,0.26874146013,2.92800266875,0.73620803744,0.29456407414,0.5182707789775,0.80687142331,0.36296670247,2.37764910525,0.47290210707,0.119133660472,1.9384987475,0.57206303285,0.09782793948,1.159823619,0.341698253653,0.30619782869,1,0.952233539831083,NA,NA,0.0487861675960449,NA,NA,0.0487861675960449,0.546127098185901,0,10601.4934723551,6.190779369e-05,65481090.2533626,1e-04,1,0.0809590816497803,149.345916986465,"1_192_3",1,192,3,1722,TRUE,TRUE,3,0.170286943499536,2,FALSE
"7",1.39915444075,0.341454355271,0.26874146013,2.92800266875,0.73620803744,0.29456407414,0.5182707789775,0.80687142331,0.36296670247,2.37764910525,0.47290210707,0.119133660472,1.9384987475,0.57206303285,0.09782793948,1.229610823,0.355285253849,0.301775993097,1,0.952329687488935,NA,NA,0.0487370427651313,NA,NA,0.0487370427651313,0.439862078906733,0,10875.1752717182,6.60877664e-05,65481090.2533626,1e-04,1,0.0656719207763672,152.115142822266,"1_195_6",1,195,6,1752,FALSE,TRUE,1,0.122521117612068,2,FALSE
"8",2.0558874325,0.359830659448,0.0389834037,2.38109276775,0.86647776752,0.31731356284,0.54279272535,0.65366851296,0.38197379698,2.12095224075,0.41457503428,0.119258329843,2.16460433125,0.94353825221,0.17909354535,1.59557959475,0.31992064011,0.3007603518005,1,0.951936890264472,NA,NA,0.0489374243045124,NA,NA,0.0489374243045124,0.388209761651749,0,18976.3495180306,0.0001898179061,65481090.2533626,1e-04,1,0.0755109786987305,154.756994962692,"1_198_7",1,198,7,1780,FALSE,TRUE,2,0.0993046340556369,2,FALSE
"9",1.1238732695,0.43637130339,0.18600346809,2.9232283475,0.71557878439,0.24899399632,0.50471031429,0.83367896435,0.38267417461,1.95902558625,0.65625759239,0.128396448211,1.57975760725,0.77368626221,0.006354603786,2.667421554,0.3045917250785,0.334112176305,1,0.951184665095767,NA,NA,0.0493188919695105,NA,NA,0.0493188919695105,0.319270385396331,0,23315.5656918695,0.0002560912397,65481090.2533626,1e-04,1,0.0632059574127197,155.045167922974,"1_199_1",1,199,1,1783,FALSE,TRUE,3,0.0683257774232008,2,FALSE
"10",1.84734817225,0.40225496575,0.27827700219,2.503339693,0.73620803744,0.29456407414,0.5182707789775,0.80687142331,0.36296670247,2.37764910525,0.47290210707,0.119133660472,1.9384987475,0.57206303285,0.09782793948,1.229610823,0.355285253849,0.301775993097,1,0.952239173380008,NA,NA,0.0487832906048974,NA,NA,0.0487832906048974,0.438396207033395,0,10875.1752717182,6.60877664e-05,65481090.2533626,1e-04,1,0.0754551887512207,157.715242862701,"1_202_3",1,202,3,1812,FALSE,TRUE,2,0.121862306906846,2,FALSE
"11",1.6534472425,0.3744829631,0.1334359572,2.89346462475,0.78955891432,0.25307365897,0.507421413275,0.77161340359,0.3953400433,1.98699419575,0.87444374183,0.10426481722,2.1130463865,0.8619291251,0.2663283339,1.375726081,0.315377453931,0.324719074015,1,0.951944220134349,NA,NA,0.0489336925585704,NA,NA,0.0489336925585704,0.424279319769353,0,27831.3619589674,0.0003250615008,65481090.2533626,1e-04,1,0.0840039253234863,158.523197889328,"1_203_3",1,203,3,1821,FALSE,TRUE,3,0.115517596197529,2,FALSE
"12",1.8228475495,0.45857540034,0.2155458447,2.08813721425,0.80165672074,0.26653823173,0.51924867121,0.64957770687,0.38356382674,2.324379261,0.52696471343,0.17126161765,1.9706507495,0.73577823737,0.11204788983,2.07726346275,0.310609598587,0.347638670685,1,0.95141124708508,NA,NA,0.0492042991872918,NA,NA,0.0492042991872918,0.346584463964387,0,18291.7712434673,0.0001793622656,65481090.2533626,1e-04,1,0.0633640289306641,158.890965938568,"1_203_8",1,203,8,1826,FALSE,TRUE,2,0.0805989227742513,2,FALSE
"13",1.6539572565,0.354753970026,0.10453552224,1.67579024925,0.83626190366,0.30794504287,0.51620050354,0.3820074598,0.38656834303,2.4140093445,0.64941462619,0.18126279598,2.19096447575,0.95447603676,0.17414823099,1.74649323925,0.337844113748,0.30599430796,1,0.951617565953061,NA,NA,0.0490997217457573,NA,NA,0.0490997217457573,0.34719194873416,0,15804.8472634775,0.0001413791977,65481090.2533626,1e-04,1,0.062697172164917,159.069612979889,"1_204_1",1,204,1,1828,FALSE,TRUE,3,0.0808698495603072,1,FALSE
"14",0.5939482942,0.4651544769,0.03574030722,2.2369990085,0.77953084991,0.25498356943,0.51150233515,0.5312335676,0.38388880747,1.967207835,0.67075347757,0.117854048644,2.032417794,0.70767903379,0.012222891939,2.455615192,0.3045917250785,0.334112176305,1,0.951225562914184,NA,NA,0.0492982277894866,NA,NA,0.0492982277894866,0.313562642978796,0,23315.5656918695,0.0002560912397,65481090.2533626,1e-04,1,0.0624179840087891,160.322388887405,"1_205_7",1,205,7,1843,FALSE,TRUE,2,0.0657598777599449,1,FALSE
"15",1.162284485,0.347705826931,0.12085864047,2.926611343,0.83019603126,0.35884051156,0.508100309085,0.81704978836,0.39928812124,2.645870054,0.64219318049,0.14108694931,2.03070020125,0.5628804003,0.04068272064,1.6390260195,0.40200211588,0.319311499355,1,0.951584979264478,NA,NA,0.0491162538617555,NA,NA,0.0491162538617555,0.346957445073238,0,15921.5130698499,0.0001431610476,65481090.2533626,1e-04,1,0.0620419979095459,160.473766803741,"1_205_9",1,205,9,1845,FALSE,TRUE,2,0.0807647487319064,2,FALSE
"16",1.39915444075,0.341454355271,0.26874146013,2.92800266875,0.73620803744,0.29456407414,0.5182707789775,0.80687142331,0.36296670247,2.37764910525,0.47290210707,0.119133660472,1.9384987475,0.76800565042,0.08063535213,1.3199968795,0.335607693275,0.32381431798,1,0.952115527634826,NA,NA,0.0488463961654645,NA,NA,0.0488463961654645,0.435910439452229,0,13610.9904245242,0.000107872177,65481090.2533626,1e-04,1,0.0624589920043945,162.668216943741,"1_208_9",1,208,9,1872,FALSE,TRUE,3,0.120745194187628,2,FALSE
"17",0.5939482942,0.4651544769,0.03574030722,2.2369990085,0.77953084991,0.35711305042,0.5030146848525,0.62639275592,0.3950177716,2.484272338,0.62888416274,0.109028133298,2.255712767,0.87105629854,0.03869911866,2.60733064175,0.3045917250785,0.334112176305,1,0.951186345518483,NA,NA,0.0493180430836043,NA,NA,0.0493180430836043,0.287703708419683,0,23315.5656918695,0.0002560912397,65481090.2533626,1e-04,1,0.0725288391113281,162.777752876282,"1_209_1",1,209,1,1873,FALSE,TRUE,1,0.0541393142172556,1,FALSE
"18",1.04970067375,0.38221532893,0.27816719568,2.756229724,0.73821550101,0.2716371709,0.505294671445,0.96015752453,0.38939255011,2.51910384525,0.64401056354,0.22745095471,2.163434344,0.94787467941,0.13528028733,2.07726346275,0.3051643776436,0.328872224255,1,0.951733674848846,NA,NA,0.0490407712301109,NA,NA,0.0490407712301109,0.356646184643471,0,18937.1237460217,0.0001892188065,65481090.2533626,1e-04,1,0.0803380012512207,164.026465892792,"1_210_5",1,210,5,1886,FALSE,TRUE,2,0.0851183806535301,2,FALSE
"19",0.643334380575,0.55739586537,0.10234737819,2.2369990085,0.77953084991,0.35711305042,0.5030146848525,0.62639275592,0.3950177716,2.484272338,0.62888416274,0.109028133298,2.255712767,0.87105629854,0.03869911866,2.60733064175,0.3045917250785,0.334112176305,1,0.951158728491531,NA,NA,0.049331992306918,NA,NA,0.049331992306918,0.293301665588034,0,23315.5656918695,0.0002560912397,65481090.2533626,1e-04,1,0.0777628421783447,165.495496988297,"1_212_4",1,212,4,1903,FALSE,TRUE,2,0.0566555580834493,1,FALSE
"20",2.0335347605,0.46576414729,0.25032336819,2.14837248,0.78861628578,0.26759616646,0.52513666335,0.71628687128,0.36784786543,2.475402292,0.55995912096,0.16909135306,1.9239672895,0.63155107986,0.11344270185,1.3483004445,0.3466462444,0.3022187451215,1,0.952108142586876,NA,NA,0.0488501627212233,NA,NA,0.0488501627212233,0.42643557580718,0,14204.2802949064,0.0001169335595,65481090.2533626,1e-04,1,0.0616881847381592,169.511691808701,"1_217_5",1,217,5,1949,FALSE,TRUE,3,0.116486306535525,2,FALSE
"21",2.14494350875,0.336754045398,0.17681059854,2.44504547025,0.71273788451,0.32035308274,0.50185672065025,0.89012514512,0.37111035163,2.2737557165,0.44933513833,0.104966455279,1.9772816365,0.55041846669,0.03670307631,1.3389257445,0.37345318001,0.304063624661,1,0.951977023366042,NA,NA,0.0489169884567943,NA,NA,0.0489169884567943,0.401151273387886,0,13644.8877080595,0.000108389894,65481090.2533626,1e-04,1,0.0863080024719238,173.138710975647,"1_222_2",1,222,2,1991,FALSE,TRUE,2,0.105121575994866,2,FALSE
"22",0.96751930725,0.44549182914,0.20421118185,2.8256913465,0.77774757968,0.27918284953,0.5158529139925,0.98421215149,0.37067208703,2.63339119525,0.51287817642,0.15712447429,1.383369449,0.48587878204,0.08426745741,1.56045093025,0.312631188857,0.31616879606,1,0.95241512133195,NA,NA,0.0486933503716613,NA,NA,0.0486933503716613,0.491246814099729,0,12789.9241806502,9.533194049e-05,65481090.2533626,1e-04,1,0.0890278816223145,173.237030982971,"1_222_3",1,222,3,1992,TRUE,TRUE,1,0.145618349011719,2,FALSE
"23",1.367530593,0.4651544769,0.03574030722,2.2369990085,0.77953084991,0.35711305042,0.5030146848525,0.62639275592,0.3950177716,2.484272338,0.62888416274,0.109028133298,2.255712767,0.87105629854,0.03869911866,1.51858144175,0.332760216524,0.31480051159,1,0.952293945165093,NA,NA,0.0487553104108733,NA,NA,0.0487553104108733,0.452911902474645,0,10519.0471661085,6.064858204e-05,65481090.2533626,1e-04,1,0.0629081726074219,173.30872297287,"1_222_4",1,222,4,1993,TRUE,TRUE,2,0.128386995169372,1,FALSE
"24",1.09685558,0.352278963821,0.25627805403,2.926611343,0.83019603126,0.14861283685,0.5100911391225,0.40536991276,0.39159171175,2.41662719575,0.63710546205,0.14673817159,2.266555921,0.5789793608,0.15056379918,2.39630417225,0.335830031657,0.3787637491,1,0.951074431456503,NA,NA,0.0493745459480852,NA,NA,0.0493745459480852,0.315256669119205,0,13884.7027932962,0.0001120526166,65481090.2533626,1e-04,1,0.0593388080596924,173.463759899139,"1_222_6",1,222,6,1995,FALSE,TRUE,3,0.0665238502659646,2,TRUE
"25",1.381091557,0.38221532893,0.27816719568,2.756229724,0.73821550101,0.2716371709,0.505294671445,0.96015752453,0.38939255011,2.84246075675,0.53034997853,0.21363355888,2.22554440825,0.91384876728,0.09092626992,1.9667949905,0.307486766581,0.30578200468,1,0.951759734888869,NA,NA,0.049027530352447,NA,NA,0.049027530352447,0.345852419532009,0,27437.6762194723,0.0003190486945,65481090.2533626,1e-04,1,0.0642690658569336,174.375043869019,"1_223_8",1,223,8,2006,FALSE,TRUE,1,0.0802665736056292,2,FALSE
"26",2.68781437875,0.54431160418,0.004027705548,1.347044001,0.90283698454,0.37427331898,0.5111574607,0.9484799979,0.39787016248,2.483380044,0.57433578025,0.18674023801,2.6179312025,0.92882550892,0.13808467131,2.419763308,0.74973703761,0.327250478465,1,0.934873433748315,NA,NA,0.0571480994450061,NA,NA,0.0571480994450061,0.189512990851524,0,114281.260933506,0.00164542047,65481090.2533626,1e-04,1,0.0763618946075439,164.686626195908,"2_221_1",2,221,1,1981,FALSE,TRUE,3,0.0188018784585132,4,FALSE
"27",2.936349299,0.39349076471,0.26265236589,2.18289769775,0.83378955021,0.36750832024,1.35809067375,0.4463373331,0.27563453509,2.227421373,0.51812028161,0.15299432128,2.465868384,0.85684026363,0.04489875615,1.6173038605,0.343334394257,0.302532200459,1,0.952271688338727,NA,NA,0.0487666822581803,NA,NA,0.0487666822581803,0.585135150042919,0,7929.65435632331,2.110049625e-05,65481090.2533626,1e-04,1,0.0706741809844971,107.8629758358,"3_121_9",3,121,9,1089,FALSE,TRUE,3,0.187820888743168,2,FALSE
"28",2.936349299,0.39349076471,0.26265236589,2.18289769775,0.83378955021,0.36750832024,1.34842989325,0.59309789523,0.28791205444,2.227421373,0.51812028161,0.15299432128,2.465868384,0.85684026363,0.04489875615,1.6173038605,0.343334394257,0.302532200459,1,0.952420301308021,NA,NA,0.048690699978706,NA,NA,0.048690699978706,0.588650631749611,0,7929.65435632331,2.110049625e-05,65481090.2533626,1e-04,1,0.0924310684204102,111.033020734787,"3_125_3",3,125,3,1119,FALSE,TRUE,1,0.189401031209857,2,FALSE
"29",2.509221339,0.39349076471,0.26265236589,2.18289769775,0.83378955021,0.36750832024,1.35809067375,0.4463373331,0.27563453509,2.227421373,0.51812028161,0.15299432128,2.465868384,0.85684026363,0.04489875615,1.6173038605,0.343334394257,0.302532200459,1,0.952299651132707,NA,NA,0.0487523945908353,NA,NA,0.0487523945908353,0.585115904773909,0,7929.65435632331,2.110049625e-05,65481090.2533626,1e-04,1,0.0824711322784424,119.769756793976,"3_135_3",3,135,3,1209,FALSE,TRUE,2,0.187812219488053,2,FALSE
"30",2.7296781475,0.312088765017,0.26403429621,2.100486749,0.72076279196,0.30607675324,1.50868740625,0.74104191908,0.39624735094,2.04244973925,0.4979222721,0.14813300968,2.221568609,0.85250629672,0.13982643483,1.13047617025,0.37568097362,0.310298996035,1,0.952413178196024,NA,NA,0.0486943445617825,NA,NA,0.0486943445617825,0.622178713740936,0,9304.84673504456,4.210396315e-05,65481090.2533626,1e-04,1,0.076650857925415,127.625496864319,"3_144_9",3,144,9,1296,FALSE,TRUE,2,0.204471789297659,2,FALSE
"31",1.92262792125,0.42757109442,0.2710106103,2.68912667525,0.72385187474,0.38643040261,1.54475930975,0.64048475573,0.30145914916,2.48123827775,0.42621366842,0.11977698457,2.471614101,0.80159588878,0.14788870617,1.6008706885,0.309154476457,0.35350199245,1,0.952401698246491,NA,NA,0.0487002177729661,NA,NA,0.0487002177729661,0.624925842974497,0,8658.30837133246,3.222931046e-05,65481090.2533626,1e-04,1,0.0772039890289307,133.616565704346,"3_152_9",3,152,9,1368,FALSE,TRUE,3,0.205706615141028,2,FALSE
"32",2.7296781475,0.312088765017,0.26403429621,1.500349098,0.70641207026,0.34289888149,1.50868740625,0.74104191908,0.27716596198,2.34254553775,0.64710084269,0.14813300968,2.221568609,0.85250629672,0.13982643483,1.39915057875,0.37568097362,0.310298996035,1,0.952330946328828,NA,NA,0.0487363992562522,NA,NA,0.0487363992562522,0.616306450918109,0,9304.84673504456,4.210396315e-05,65481090.2533626,1e-04,1,0.0622129440307617,138.027335643768,"3_158_3",3,158,3,1416,FALSE,TRUE,3,0.201832245515733,2,FALSE
"33",2.05998144725,0.37155892401,0.25043349609,2.44962366475,0.90495314201,0.35471946037,1.24545974125,0.82605446453,0.29856014539,2.13685971925,0.56630188025,0.16233894961,2.01379769675,0.9641698301,0.12725129862,1.371104307,0.337960761377,0.309736460715,1,0.952391574219934,NA,NA,0.0487053966981121,NA,NA,0.0487053966981121,0.610575994344477,0,16362.6722457414,0.000149898921,65481090.2533626,1e-04,1,0.0958571434020996,152.630540847778,"3_176_1",3,176,1,1576,FALSE,TRUE,2,0.199256408492433,2,FALSE
"34",2.86995241125,0.37203757127,0.15125016663,2.152509748,0.88378188799,0.29508004099,0.552672916525,0.51872741002,0.35980319857,2.47037271675,0.7498493538,0.18058200598,2.471614101,0.80159588878,0.01099730667,1.552944251,0.3012155653755,0.31266738698,1,0.952326353215452,NA,NA,0.0487387471779971,NA,NA,0.0487387471779971,0.43863282482048,0,11050.9983424282,6.877313181e-05,65481090.2533626,1e-04,1,0.0996100902557373,163.512623786926,"3_189_6",3,189,6,1698,FALSE,TRUE,1,0.12196857459242,2,FALSE
"35",1.55763671075,0.37359637187,0.24373189305,2.2176076835,0.88932002948,0.29508004099,0.552672916525,0.51872741002,0.35980319857,2.44369150325,0.66620831324,0.13082422408,2.5440003805,0.91385856882,0.006505763889,1.42050092425,0.31421578585,0.300913696635,1,0.952347449920491,NA,NA,0.048727961966236,NA,NA,0.048727961966236,0.442220103488154,0,17417.8699845445,0.000166015074,65481090.2533626,1e-04,1,0.0835728645324707,166.337347745895,"3_192_9",3,192,9,1728,FALSE,TRUE,1,0.12358103041987,2,FALSE
"36",0.87104119275,0.49352419037,0.21288410472,2.280606453,0.84130993014,0.27778781257,0.549039684375,0.70190213294,0.37248692968,2.016200837,0.45686658736,0.14962693888,2.37313381325,0.45522636654,0.07686693879,1.60341157225,0.314165315871,0.309778583795,1,0.952118990800919,NA,NA,0.0488446297656973,NA,NA,0.0488446297656973,0.406715452409979,0,8972.17752867488,3.702306918e-05,65481090.2533626,1e-04,1,0.0627529621124268,182.823492765427,"3_212_4",3,212,4,1903,FALSE,TRUE,1,0.107622181951081,2,FALSE
"37",2.672547608,0.50540558108,0.2823933384,1.908070446,0.86429024988,0.36791010166,0.575270293725,0.50492375855,0.37679622667,2.449971243,0.67333672299,0.19176578143,2.9623146395,0.62194955639,0.015502055301,1.6279920435,0.357636266142,0.31289974916,1,0.951816515436852,NA,NA,0.0489986682630997,NA,NA,0.0489986682630997,0.39008284531772,0,8520.66412488125,3.01270545e-05,65481090.2533626,1e-04,1,0.0593400001525879,184.519308805466,"3_214_6",3,214,6,1923,FALSE,TRUE,3,0.100147171211494,2,FALSE
"38",1.74283353725,0.39789911152,0.23925702105,2.1499770695,0.89051493011,0.30281240506,0.5765772987,0.37625066568,0.35514073228,2.467211199,0.70345033757,0.14120792017,2.5406762575,0.86367579681,0.029554937655,1.4949078605,0.319937590022,0.30684361011,1,0.952214807739647,NA,NA,0.0487957326482911,NA,NA,0.0487957326482911,0.437972425003323,0,15839.9998838619,0.0001419160876,65481090.2533626,1e-04,1,0.0651819705963135,187.363222837448,"3_218_3",3,218,3,1956,FALSE,TRUE,2,0.121671854372196,2,FALSE
"39",2.85841863675,0.348118604065,0.29797679076,2.08790899125,0.96624812513,0.27215806648,0.5332460482,0.51725127788,0.36799002241,2.57436282425,0.7263050386,0.15191320516,2.40944401825,0.96550425494,0.0308338896,1.47520370325,0.322811419134,0.30769720445,1,0.952177323677013,NA,NA,0.0488148672762047,NA,NA,0.0488148672762047,0.42589414115279,0,18499.1540969762,0.0001825296471,65481090.2533626,1e-04,1,0.0844111442565918,187.782000780106,"3_218_8",3,218,8,1961,FALSE,TRUE,2,0.116242781589188,2,FALSE
"40",0.78741976375,0.46148485353,0.04366189332,2.5293886355,0.80986070863,0.17702718298,0.53320848635,0.40486673869,0.36895236436,2.7016656975,0.64186442864,0.17385099268,2.1898394275,0.8701721781,0.08014508682,1.50869989925,0.37648656407,0.302883794599,1,0.951905695408073,NA,NA,0.0489533028890152,NA,NA,0.0489533028890152,0.400831494916968,0,13691.0444514134,0.0001090948511,65481090.2533626,1e-04,1,0.0750179290771484,188.840577840805,"3_220_2",3,220,2,1973,FALSE,TRUE,3,0.104978137785839,1,FALSE
"41",2.932299668,0.41217009237,0.2782360647,2.15925386825,0.99086459316,0.30544548415,0.53787844895,0.57434270836,0.36666971728,1.9574045505,0.63699260721,0.125222996434,2.2625719665,0.86694768802,0.0308338896,1.47520370325,0.322811419134,0.30769720445,1,0.95224148082053,NA,NA,0.0487821121715548,NA,NA,0.0487821121715548,0.418218512264449,0,14233.7580599419,0.0001173837767,65481090.2533626,1e-04,1,0.0664448738098145,190.31963968277,"3_222_2",3,222,2,1991,FALSE,TRUE,1,0.112792508869422,2,FALSE
"42",2.519225001,0.57273827217,0.08250315003,1.58943720725,0.47733293571,0.34599909676,0.5091743864425,0.311036084521,0.38796698926,2.76714050725,0.369245726802,0.19711006885,2.9430142375,0.79694843471,0.17019692514,2.7394156845,0.72697295242,0.49153032055,1,0.931731147193784,NA,NA,0.0585105261963503,NA,NA,0.0585105261963503,0.182549926735699,0,130487.754789628,0.001892944062,65481090.2533626,1e-04,1,0.0870771408081055,120.3659760952,"4_145_2",4,145,2,1298,FALSE,TRUE,3,0.0197255524363068,4,FALSE
"43",2.519225001,0.57273827217,0.08250315003,1.58943720725,0.47733293571,0.34599909676,0.5091743864425,0.43932845444,0.39699382054,2.90244660225,0.369245726802,0.19711006885,2.9430142375,0.79694843471,0.17019692514,2.7394156845,0.72697295242,0.49153032055,1,0.931819859779041,NA,NA,0.058472497819013,NA,NA,0.058472497819013,0.186219022508851,0,130487.754789628,0.001892944062,65481090.2533626,1e-04,1,0.0792820453643799,123.439743041992,"4_148_5",4,148,5,1328,FALSE,TRUE,3,0.0202928949748732,4,FALSE
"44",2.95243179225,0.60166015747,0.03192140436,1.42565604925,0.73151374931,0.31670493577,0.507597407495,0.302264157532,0.38204735233,2.908443278,0.38460996999,0.157547647,2.835425231,0.85258088305,0.21254870466,2.55894469275,0.51394589321,0.36200768025,1,0.935522408925784,NA,NA,0.0568626509982267,NA,NA,0.0568626509982267,0.171563513647491,0,121505.127470344,0.001755751391,65481090.2533626,1e-04,1,0.0367288589477539,124.82183599472,"4_150_6",4,150,6,1347,FALSE,TRUE,2,0.0155101962267592,4,FALSE
"45",1.67028770925,0.3998957722,0.13267657347,1.8076081905,0.78966042657,0.39418852969,0.50901655855,0.37915260269,0.37467121945,2.71106294925,0.37742458843,0.108470004184,2.87853766825,0.80876728693,0.25572971136,2.814585969,0.347672000166,0.345922658015,1,0.949880970184289,NA,NA,0.0499731242808214,NA,NA,0.0499731242808214,0.262545053866898,0,9834.00465150637,5.018585115e-05,65481090.2533626,1e-04,1,0.0521838665008545,139.124260902405,"4_176_2",4,176,2,1577,FALSE,TRUE,3,0.0428857571441325,3,FALSE
"46",0.88560834675,0.40074360534,0.22635409827,1.93863069475,0.78025433463,0.38120701591,0.5038437997675,0.315286730802,0.38600576275,2.61318800775,0.45582974757,0.109310535505,2.791495434,0.62876063164,0.284480127,2.59670632375,0.52670513712,0.3699796984,1,0.946958292032632,NA,NA,0.0514095644350535,NA,NA,0.0514095644350535,0.210508742364395,0,45020.7537294087,0.0005875970025,65481090.2533626,1e-04,1,0.0555210113525391,140.587728023529,"4_178_7",4,178,7,1600,FALSE,TRUE,3,0.0200910423575673,3,FALSE
"47",0.88560834675,0.40074360534,0.22635409827,1.93863069475,0.78025433463,0.38120701591,0.5038437997675,0.315286730802,0.38600576275,2.61318800775,0.45582974757,0.109310535505,2.791495434,0.62876063164,0.284480127,2.6004462465,0.53390280053,0.3754652493,1,0.946838760940315,NA,NA,0.0514674583407561,NA,NA,0.0514674583407561,0.209826016677611,0,46958.3450895285,0.0006171900519,65481090.2533626,1e-04,1,0.0567059516906738,142.551073074341,"4_182_1",4,182,1,1630,FALSE,TRUE,2,0.0198229344116895,3,FALSE
"48",1.352669952,0.4129102254,0.15784949895,2.02846063225,0.89337214993,0.35282619778,0.505782210505,0.5251810631,0.37625719633,2.91169836225,0.37757978389,0.109824697531,2.65881499,0.6285015167,0.26337913416,2.712137303,0.351682122569,0.324652749875,1,0.949855701575009,NA,NA,0.0499857202172924,NA,NA,0.0499857202172924,0.257719137812313,0,20969.9467670028,0.0002202663397,65481090.2533626,1e-04,1,0.0527489185333252,142.610277891159,"4_182_2",4,182,2,1631,FALSE,TRUE,3,0.0407215645164448,3,FALSE
"49",1.84194775775,0.46833490359,0.20065907625,1.67832430475,0.80536670772,0.38658787411,0.5069461714325,0.30024637053602,0.39412700545,2.85115935775,0.3926220848,0.104811924706,2.65685869525,0.61621257983,0.24428814135,2.82171565175,0.38743811062,0.315367524,1,0.949042614826465,NA,NA,0.0503893483018498,NA,NA,0.0503893483018498,0.218143032814336,0,14560.2230381587,0.0001223699128,65481090.2533626,1e-04,1,0.0546500682830811,144.171453952789,"4_184_9",4,184,9,1656,FALSE,TRUE,1,0.0230819117712507,3,FALSE
"50",2.74309496825,0.53329482442,0.16560457296,1.95896905,0.54260385639,0.35567459434,0.5122470047675,0.35281559094,0.39458393173,2.99469413075,0.324266231304,0.128210942611,2.68477436325,0.74174104457,0.27469409847,2.822306377,0.64980879605,0.34706695541,1,0.943585388820177,NA,NA,0.0530189318474367,NA,NA,0.0530189318474367,0.18970289902363,0,86919.7937746323,0.001227525724,65481090.2533626,1e-04,1,0.061586856842041,146.056646108627,"4_187_9",4,187,9,1683,FALSE,TRUE,3,0.0129600146342738,4,FALSE
"51",0.69156847455,0.316609858041,0.2735344008,2.0569113015,0.72420836892,0.39910632589,0.5044383399025,0.316825738167,0.39662437417,2.42660950375,0.4944715185,0.11014909105,2.802092271,0.81369550862,0.27594215871,2.55667192,0.71600212325,0.406746027,1,0.944891319805156,NA,NA,0.052401676220172,NA,NA,0.052401676220172,0.190503501630444,0,71120.8982059694,0.0009862274262,65481090.2533626,1e-04,1,0.0521109104156494,147.504801034927,"4_190_5",4,190,5,1706,FALSE,TRUE,3,0.0125595348306124,3,FALSE
"52",1.22812179825,0.40361642207,0.10866757275,1.942240432,0.91376101192,0.37436710693,0.5269050622,0.40319615985,0.39779047198,2.86977506575,0.38794756747,0.1018035945976,2.667113027,0.54580067372,0.22690489143,2.99095141575,0.322323090608,0.318836664095,1,0.950207619782785,NA,NA,0.0498100087396304,NA,NA,0.0498100087396304,0.24482180705142,0,19486.4530135952,0.0001976087738,65481090.2533626,1e-04,1,0.0584812164306641,147.833627939224,"4_191_1",4,191,1,1711,FALSE,TRUE,1,0.034914849739738,3,FALSE
"53",0.96676169025,0.46833490359,0.20065907625,1.67832430475,0.80536670772,0.38658787411,0.5069461714325,0.39738585122,0.39984071572,2.85376342525,0.39379804392,0.1017935533393,2.565940064,0.56742789108,0.23454927651,2.858409287,0.42143378261,0.321260792815,1,0.948475600560185,NA,NA,0.0506689195366013,NA,NA,0.0506689195366013,0.217686048018287,0,12354.4056398382,8.868021714e-05,65481090.2533626,1e-04,1,0.0522079467773438,148.133827924728,"4_191_6",4,191,6,1716,FALSE,TRUE,3,0.022958045696591,3,FALSE
"54",0.88385196625,0.45575841197,0.29378096952,1.69040362425,0.72684024845,0.39047289352,0.5129655899425,0.310331716962,0.38049456202,2.84168972825,0.42231109625,0.104392099297,2.81579903175,0.68332330729,0.23467052256,2.57546160575,0.5869634012,0.37005365985,1,0.946266800593428,NA,NA,0.0517435861177031,NA,NA,0.0517435861177031,0.208756316265672,0,42345.2298789979,0.0005467334277,65481090.2533626,1e-04,1,0.0525898933410645,149.592880010605,"4_194_2",4,194,2,1739,FALSE,TRUE,3,0.0195064657791721,3,FALSE
"55",0.69018849535,0.349160528613,0.016551042177,2.08962773425,0.98892194497,0.36756161173,0.543132431675,0.4936430734,0.39752590231,2.90696668175,0.3670318768,0.105638684965,2.5719070405,0.44459353118,0.26657652693,2.94239579325,0.3029641643822,0.318836664095,1,0.950737018376482,NA,NA,0.0495445081340426,NA,NA,0.0495445081340426,0.269132679668089,0,19486.4530135952,0.0001976087738,65481090.2533626,1e-04,1,0.0513520240783691,149.70992398262,"4_194_4",4,194,4,1741,FALSE,TRUE,2,0.0458070394996778,3,FALSE
"56",1.16953112925,0.40026503683,0.08551341306,1.8625584325,0.89931787405,0.37808100508,0.527230383275,0.41330501252,0.39998153761,2.89764887775,0.36647747141,0.109605787666,2.80821632975,0.66802798942,0.28267546929,2.66932206975,0.355829041912,0.326556025325,1,0.949803936227182,NA,NA,0.0500115143835777,NA,NA,0.0500115143835777,0.24618348758261,0,19024.7757465117,0.0001905575253,65481090.2533626,1e-04,1,0.0527529716491699,149.951721906662,"4_194_8",4,194,8,1745,FALSE,TRUE,2,0.0355503610308291,3,FALSE
"57",0.99758845675,0.329807056468,0.12278512629,1.78108343975,0.89549118818,0.38747386225,0.51762513913,0.39355675413,0.3848956501,2.6003878555,0.46208951143,0.12295419802,2.51270722125,0.44289302594,0.29679820368,2.68912658825,0.328386225287,0.34041971365,1,0.950182650222418,NA,NA,0.0498224963745741,NA,NA,0.0498224963745741,0.267042518566609,0,29569.51149959,0.000351608453,65481090.2533626,1e-04,1,0.0598340034484863,150.09369802475,"4_195_1",4,195,1,1747,FALSE,TRUE,2,0.0448899231486585,3,FALSE
"58",2.52103103075,0.52373901256,0.1558301706,1.8782459095,0.75442635784,0.39596192089,0.52055918699,0.350655926216,0.39421293625,2.9678919945,0.336907634855,0.124987268506,2.7037354465,0.79480866309,0.25085245884,2.8294198475,0.68075165436,0.37603389915,1,0.943772737410147,NA,NA,0.0529308227358246,NA,NA,0.0529308227358246,0.188151035622101,0,78126.870625945,0.001093230426,65481090.2533626,1e-04,1,0.0511989593505859,151.075782060623,"4_196_8",4,196,8,1763,FALSE,TRUE,2,0.0123172405472015,4,FALSE
"59",0.9307245015,0.45843952012,0.28769570271,1.69040362425,0.72684024845,0.39047289352,0.5129655899425,0.310331716962,0.38049456202,2.84168972825,0.42231109625,0.104392099297,2.81579903175,0.68332330729,0.18109228713,2.644197426,0.56015864014,0.36387817085,1,0.94637438577298,NA,NA,0.0516917593852944,NA,NA,0.0516917593852944,0.205802627217533,0,42714.5716992121,0.0005523744266,65481090.2533626,1e-04,1,0.0540740489959717,151.450202941895,"4_197_5",4,197,5,1769,FALSE,TRUE,2,0.0182114469378911,3,FALSE
"60",1.16953112925,0.40026503683,0.08551341306,2.17797801125,0.71847799007,0.39759950083,0.519887161025,0.301262346995,0.39998153761,2.89764887775,0.36647747141,0.109605787666,2.80821632975,0.66802798942,0.28267546929,2.66932206975,0.355829041912,0.326556025325,1,0.949776701416889,NA,NA,0.050025079883564,NA,NA,0.050025079883564,0.234271670932824,0,19024.7757465117,0.0001905575253,65481090.2533626,1e-04,1,0.0519750118255615,151.827343940735,"4_198_2",4,198,2,1775,FALSE,TRUE,2,0.0302136018034636,3,FALSE
"61",1.67973220675,0.52279079704,0.29277560682,1.5309370025,0.73020577467,0.39339336934,0.509281198045,0.312488958461,0.39401434795,2.8160509955,0.41447854278,0.1014378627556,2.67932977675,0.63000078832,0.24428814135,2.82171565175,0.38743811062,0.315367524,1,0.949158028600391,NA,NA,0.0503322523428324,NA,NA,0.0503322523428324,0.222172944321702,0,9223.92695661741,4.086806633e-05,65481090.2533626,1e-04,1,0.0512738227844238,151.884819030762,"4_198_3",4,198,3,1776,FALSE,TRUE,1,0.0248635272219403,3,FALSE
"62",2.4794124035,0.6302060643,0.12247683852,1.55535334725,0.75442635784,0.39596192089,0.52055918699,0.350655926216,0.39272895424,2.86068344925,0.38747324908,0.14844859903,2.74331777,0.85239112467,0.20725165191,2.512696797,0.65134988574,0.389925782,1,0.937106283535598,NA,NA,0.0561599006138609,NA,NA,0.0561599006138609,0.175065131158103,0,100089.499600226,0.001428668113,65481090.2533626,1e-04,1,0.0514299869537354,152.983792066574,"4_200_2",4,200,2,1793,FALSE,TRUE,1,0.0144949994047279,4,FALSE
"63",1.16953112925,0.40026503683,0.08551341306,2.17797801125,0.71847799007,0.39759950083,0.521078068675,0.31556591883,0.39503778802,2.97960372125,0.345648109717,0.1025267972242,2.751207431,0.67660585935,0.24278938302,2.851109411,0.49328188257,0.326556025325,1,0.947077090614686,NA,NA,0.0513519606442311,NA,NA,0.0513519606442311,0.206851044068031,0,19024.7757465117,0.0001905575253,65481090.2533626,1e-04,1,0.0582919120788574,153.74186205864,"4_201_5",4,201,5,1805,FALSE,TRUE,1,0.0184762359727717,3,FALSE
"64",1.84194775775,0.46833490359,0.20065907625,1.67832430475,0.80536670772,0.38658787411,0.5069461714325,0.30024637053602,0.39412700545,2.85115935775,0.3926220848,0.104811924706,2.65685869525,0.61244127705,0.24428814135,2.82171565175,0.38743811062,0.315367524,1,0.949043436586814,NA,NA,0.0503889420002385,NA,NA,0.0503889420002385,0.218176702114915,0,14560.2230381587,0.0001223699128,65481090.2533626,1e-04,1,0.0614159107208252,153.809747934341,"4_201_6",4,201,6,1806,FALSE,TRUE,1,0.0230967940556749,3,FALSE
"65",1.55702971375,0.51222304824,0.25913277576,1.644727426,0.74625478702,0.38526293776,0.5136837630025,0.342496184227,0.39512558734,2.80408858,0.39280088188,0.103472191156,2.6334556125,0.61476300758,0.23721678888,2.822290251,0.54217854157,0.32129347643,1,0.946659939734743,NA,NA,0.0515539475437092,NA,NA,0.0515539475437092,0.20611561616356,0,13366.8985814793,0.000104144135,65481090.2533626,1e-04,1,0.0500979423522949,154.190135002136,"4_202_3",4,202,3,1812,FALSE,TRUE,2,0.0182669428719738,3,FALSE
"66",1.16953112925,0.40026503683,0.08551341306,2.17797801125,0.62314103493,0.37466061103,0.5189780197425,0.301262346995,0.39998153761,2.89764887775,0.36647747141,0.109605787666,2.80821632975,0.66802798942,0.28267546929,2.66932206975,0.355829041912,0.326556025325,1,0.949716211010442,NA,NA,0.0500551966509448,NA,NA,0.0500551966509448,0.23565278401847,0,19024.7757465117,0.0001905575253,65481090.2533626,1e-04,1,0.0585489273071289,155.615003108978,"4_204_8",4,204,8,1835,FALSE,TRUE,3,0.0308369744168235,3,FALSE
"67",1.84194775775,0.46833490359,0.20065907625,1.67832430475,0.80536670772,0.38658787411,0.5069461714325,0.30024637053602,0.39412700545,2.85115935775,0.3926220848,0.104811924706,2.65685869525,0.61621257983,0.24874621665,2.84477098,0.38743811062,0.315367524,1,0.949008975587169,NA,NA,0.0504059776842836,NA,NA,0.0504059776842836,0.217529693459083,0,14560.2230381587,0.0001223699128,65481090.2533626,1e-04,1,0.0512950420379639,155.673477888107,"4_204_9",4,204,9,1836,FALSE,TRUE,1,0.0228133245690428,3,FALSE
"68",1.13141558125,0.3017384920266,0.10487464077,2.32597004925,0.73607153828,0.39203548156,0.52064300252,0.320551128815,0.39920677081,2.9813290085,0.328299266842,0.108948878338,2.75279764975,0.57782204457,0.29409406974,2.97971258875,0.41516993047,0.30941941297,1,0.948349777121806,NA,NA,0.0507307489836143,NA,NA,0.0507307489836143,0.213825560620472,0,7020.66575297401,7.217411717e-06,65481090.2533626,1e-04,1,0.0518138408660889,156.171909093857,"4_205_8",4,205,8,1844,FALSE,TRUE,2,0.0212683656878853,3,FALSE
"69",0.94151334075,0.43525530564,0.18391980066,1.81669684825,0.79387229843,0.39097048867,0.50774309475,0.3063405303976,0.39501412711,2.80263579425,0.41665423679,0.109555083919,2.6157125125,0.62630278268,0.25020869208,2.90018082,0.39814744135,0.3577833046,1,0.948815258550693,NA,NA,0.0505016341294272,NA,NA,0.0505016341294272,0.222119752867452,0,18474.3196031409,0.0001821503471,65481090.2533626,1e-04,1,0.0558450222015381,157.491295099258,"4_208_1",4,208,1,1864,FALSE,TRUE,3,0.0248815212275679,3,FALSE
"70",2.25073105025,0.4990442174,0.14176681908,1.93819232975,0.7472366843,0.39759950083,0.519887161025,0.301262346995,0.39536665651,2.953843371,0.342821602166,0.121910972338,2.724631623,0.76945252837,0.25721706093,2.797400292,0.61576713189,0.3661383244,1,0.944676039810235,NA,NA,0.0525039290484441,NA,NA,0.0525039290484441,0.188614689649155,0,66306.451633035,0.0009126958456,65481090.2533626,1e-04,1,0.0607960224151611,157.558996915817,"4_208_2",4,208,2,1865,FALSE,TRUE,1,0.0119779940735724,4,FALSE
"71",0.88560834675,0.40074360534,0.22635409827,1.93863069475,0.78025433463,0.38120701591,0.5038437997675,0.315286730802,0.39636763057,2.70991452325,0.43941227307,0.109310535505,2.791495434,0.62876063164,0.284480127,2.59670632375,0.52670513712,0.3699796984,1,0.946950202956069,NA,NA,0.0514134843696203,NA,NA,0.0514134843696203,0.202287630478709,0,45020.7537294087,0.0005875970025,65481090.2533626,1e-04,1,0.0580530166625977,157.84574508667,"4_208_7",4,208,7,1870,FALSE,TRUE,1,0.0165468339545918,3,FALSE
"72",0.647410193625,0.312146311226,0.018660643926,2.43762253525,0.96403010716,0.37859458312,0.517167102585,0.58665652274,0.39972502378,2.85538325175,0.37023932104,0.16531998241,2.39075689125,0.44706681332,0.25001077935,2.951529447,0.33258691093,0.320620643675,1,0.949992055780815,NA,NA,0.0499177124564456,NA,NA,0.0499177124564456,0.257336435400238,0,21601.9808834211,0.0002299194674,65481090.2533626,1e-04,1,0.0504879951477051,158.330213069916,"4_209_6",4,209,6,1878,FALSE,TRUE,2,0.0405423489385105,3,FALSE
"73",2.4794124035,0.6302060643,0.12247683852,1.55535334725,0.75442635784,0.39596192089,0.52055918699,0.350655926216,0.38970805504,2.81770419325,0.38747324908,0.14844859903,2.74331777,0.85239112467,0.20725165191,2.512696797,0.65134988574,0.389925782,1,0.937096386391354,NA,NA,0.0561643191854097,NA,NA,0.0561643191854097,0.177400829401177,0,100089.499600226,0.001428668113,65481090.2533626,1e-04,1,0.0538468360900879,158.666266918182,"4_210_2",4,210,2,1883,FALSE,TRUE,2,0.0147912743309534,4,FALSE
"74",1.7387066685,0.53426710692,0.2056195494,2.45815766475,0.72420836892,0.39910632589,0.5044383399025,0.316825738167,0.39662437417,2.42660950375,0.4944715185,0.11014909105,2.802092271,0.81369550862,0.27594215871,2.55667192,0.71600212325,0.406746027,1,0.944929982326036,NA,NA,0.0523832913091226,NA,NA,0.0523832913091226,0.196846535434328,0,71120.8982059694,0.0009862274262,65481090.2533626,1e-04,1,0.0494699478149414,158.860662937164,"4_210_5",4,210,5,1886,FALSE,TRUE,3,0.0149964576386162,4,FALSE
"75",1.55814294875,0.49895592199,0.255954,1.6131976885,0.76691682212,0.38958811684,0.512805970875,0.330630398736,0.39476957275,2.8267958095,0.40917234769,0.101511009124,2.667113027,0.54580067372,0.22690489143,2.99095141575,0.45666968758,0.322077763355,1,0.947808569535944,NA,NA,0.0509958428804553,NA,NA,0.0509958428804553,0.211003063816761,0,7269.03328613365,1.101075681e-05,65481090.2533626,1e-04,1,0.0503368377685547,159.170576095581,"4_211_1",4,211,1,1891,FALSE,TRUE,2,0.0201236221033358,3,FALSE
"76",2.25073105025,0.4990442174,0.14176681908,1.93819232975,0.7472366843,0.39759950083,0.519887161025,0.302949171414,0.39309534433,2.736711783,0.43171200714,0.121910972338,2.724631623,0.76945252837,0.25721706093,2.797400292,0.61576713189,0.3661383244,1,0.945029350015419,NA,NA,0.0523360100750342,NA,NA,0.0523360100750342,0.190234910277852,0,66306.451633035,0.0009126958456,65481090.2533626,1e-04,1,0.0503978729248047,159.413328886032,"4_211_5",4,211,5,1895,FALSE,TRUE,2,0.0123904541479714,4,FALSE
"77",1.84194775775,0.46833490359,0.20065907625,1.67832430475,0.80536670772,0.38658787411,0.5069461714325,0.30024637053602,0.39412700545,2.96415522525,0.355189934128,0.101213036065,2.549149304,0.61621257983,0.24874621665,2.84477098,0.38743811062,0.315367524,1,0.948867682861829,NA,NA,0.0504757651735594,NA,NA,0.0504757651735594,0.216732955519186,0,14560.2230381587,0.0001223699128,65481090.2533626,1e-04,1,0.049731969833374,159.469871044159,"4_211_6",4,211,6,1896,FALSE,TRUE,1,0.0224781414508527,3,FALSE
"78",1.8778181015,0.45443378909,0.09312553248,1.921863436,0.75092315744,0.39862569043,0.520113112225,0.3034777930131,0.3914388829,2.98068355375,0.330252286638,0.10028465623987,2.65155564025,0.65699837229,0.21897394329,2.98023625625,0.52670513712,0.3699796984,1,0.945859090420774,NA,NA,0.0519395219602162,NA,NA,0.0519395219602162,0.200681591164652,0,45020.7537294087,0.0005875970025,65481090.2533626,1e-04,1,0.0530021190643311,159.727299928665,"4_212_1",4,212,1,1900,FALSE,TRUE,3,0.0162094623293493,3,FALSE
"79",1.55792030175,0.50160934724,0.25658975517,1.619503636,0.7627844151,0.38872308103,0.5129815293,0.333003555837,0.39484077568,2.80408858,0.39280088188,0.103472191156,2.66038154425,0.55959314045,0.22896727092,2.95721918275,0.47377145842,0.32192090597,1,0.947504256019626,NA,NA,0.0511442979861135,NA,NA,0.0511442979861135,0.210267974401801,0,8488.60634533373,2.963743245e-05,65481090.2533626,1e-04,1,0.0534820556640625,159.845315933228,"4_212_3",4,212,3,1902,FALSE,TRUE,2,0.0198642852215459,3,FALSE
"80",1.13141558125,0.40326162175,0.21165636996,2.37224552225,0.74606390962,0.38693643835,0.5144404296275,0.3045307068296,0.39916073437,2.9813290085,0.328299266842,0.108948878338,2.75279764975,0.57782204457,0.29409406974,2.97971258875,0.41516993047,0.30941941297,1,0.948333692006471,NA,NA,0.0507386477532766,NA,NA,0.0507386477532766,0.212397903672997,0,7020.66575297401,7.217411717e-06,65481090.2533626,1e-04,1,0.0616190433502197,159.972691059113,"4_212_5",4,212,5,1904,FALSE,TRUE,1,0.0206402971623937,3,FALSE
"81",2.4794124035,0.6302060643,0.12247683852,1.55535334725,0.75442635784,0.38463121231,0.52055918699,0.350655926216,0.39272895424,2.86068344925,0.38747324908,0.14844859903,2.74331777,0.85239112467,0.20725165191,2.512696797,0.65134988574,0.389925782,1,0.937116703683567,NA,NA,0.0561552481720289,NA,NA,0.0561552481720289,0.17591651655793,0,100089.499600226,0.001428668113,65481090.2533626,1e-04,1,0.0495178699493408,160.533668994904,"4_213_5",4,213,5,1913,FALSE,TRUE,1,0.0145835744812884,4,FALSE
"82",1.67257187,0.324252060812,0.27745041228,2.65683811675,0.60503717503,0.37043271364,0.5033019133025,0.83108628923,0.35864218615,2.89846264,0.41728947195,0.124773606886,2.87580760925,0.73893915681,0.29298168267,2.470035549,0.3017956420692,0.3655756714,1,0.951369235637247,NA,NA,0.0492255664259765,NA,NA,0.0492255664259765,0.327463732621538,0,9821.31201342647,4.999199507e-05,65481090.2533626,1e-04,1,0.0515210628509521,160.659182071686,"4_213_7",4,213,7,1915,FALSE,TRUE,3,0.0720054616089367,3,FALSE
"83",1.7387066685,0.53426710692,0.2056195494,2.45815766475,0.72420836892,0.39910632589,0.5044383399025,0.316825738167,0.39662437417,2.958248032,0.327694150953,0.11014909105,2.802092271,0.81369550862,0.27594215871,2.55667192,0.71600212325,0.406746027,1,0.944382994604317,NA,NA,0.0526427992946317,NA,NA,0.0526427992946317,0.189650442699462,0,71120.8982059694,0.0009862274262,65481090.2533626,1e-04,1,0.0529320240020752,160.720012903214,"4_213_8",4,213,8,1916,FALSE,TRUE,2,0.0125076055072935,4,FALSE
"84",2.17183259075,0.59121591254,0.13476543093,1.6076220475,0.762315546,0.39496363444,0.5179959685425,0.343142306585,0.39501412711,2.67536864775,0.46442177059,0.140669896,2.7177967185,0.8071734563,0.21584305992,2.5901936015,0.60070939682,0.38349728655,1,0.94519873156377,NA,NA,0.0522553161617729,NA,NA,0.0522553161617729,0.192748236267525,0,83766.463612594,0.00117936456,65481090.2533626,1e-04,1,0.0532698631286621,161.239448070526,"4_214_7",4,214,7,1924,FALSE,TRUE,1,0.0132680554845398,4,FALSE
"85",1.84194775775,0.46833490359,0.20065907625,1.67832430475,0.66519298004,0.3779684323,0.50651266226,0.30024637053602,0.39412700545,2.85115935775,0.3926220848,0.104811924706,2.65685869525,0.61621257983,0.24874621665,2.84477098,0.38743811062,0.315367524,1,0.948948042829992,NA,NA,0.0504360855143492,NA,NA,0.0504360855143492,0.219241359709061,0,14560.2230381587,0.0001223699128,65481090.2533626,1e-04,1,0.0532670021057129,161.360527992249,"4_214_9",4,214,9,1926,FALSE,TRUE,2,0.0235830484305279,3,FALSE
"86",1.8778181015,0.45443378909,0.09312553248,1.921863436,0.75092315744,0.39862569043,0.520113112225,0.3034777930131,0.3914388829,2.98068355375,0.40136461062,0.10028465623987,2.65155564025,0.65699837229,0.21897394329,2.98023625625,0.52670513712,0.3699796984,1,0.946189872758956,NA,NA,0.0517806125594482,NA,NA,0.0517806125594482,0.197889864833282,0,45020.7537294087,0.0005875970025,65481090.2533626,1e-04,1,0.0516729354858398,161.630245923996,"4_215_4",4,215,4,1930,FALSE,TRUE,1,0.0149357482826565,3,FALSE
"87",1.91473659,0.43354781776,0.13866059169,1.78951477075,0.85367307002,0.38087849068,0.506425668455,0.3010977370684,0.39441684787,2.869831892,0.37517267779,0.107243227555,2.63420121325,0.59885801414,0.24287387085,2.82183057175,0.41838619681,0.32129347643,1,0.948514364870062,NA,NA,0.0506498556048619,NA,NA,0.0506498556048619,0.212663524294799,0,13366.8985814793,0.000104144135,65481090.2533626,1e-04,1,0.0510129928588867,161.74795293808,"4_215_6",4,215,6,1932,FALSE,TRUE,1,0.0207271800999606,3,FALSE
"88",0.588148962975,0.342584795169,0.14073776529,2.1660327655,0.77682381817,0.38453624416,0.509752590075,0.319776515731,0.39920677081,2.887942899,0.37287082677,0.107191396702,2.71529624875,0.43192813571,0.28884261573,2.97354923225,0.41948090455,0.339113687155,1,0.947353757133594,NA,NA,0.0512175577447151,NA,NA,0.0512175577447151,0.214327411187376,0,56928.8703454698,0.0007694709985,65481090.2533626,1e-04,1,0.0512728691101074,161.871445894241,"4_215_8",4,215,8,1934,FALSE,TRUE,3,0.0216729695804602,3,FALSE
"89",0.647410193625,0.312146311226,0.018660643926,1.9756981295,0.91018540681,0.37372110091,0.500265882406,0.323892745366,0.39476878573,2.99242526825,0.37023932104,0.16531998241,2.39075689125,0.44706681332,0.25001077935,2.951529447,0.33258691093,0.320620643675,1,0.949831093328677,NA,NA,0.0499979839250234,NA,NA,0.0499979839250234,0.232909217890919,0,21601.9808834211,0.0002299194674,65481090.2533626,1e-04,1,0.0666577816009521,162.160260915756,"4_216_3",4,216,3,1938,FALSE,TRUE,1,0.0295990613585163,3,TRUE
"90",1.77808849925,0.42399240819,0.13332222555,1.8206488,0.82774579984,0.37920322876,0.52445145058,0.352278030035,0.38743034938,2.884033349,0.38623955382,0.104432117209,2.66051916025,0.60895118681,0.24072390984,2.85954878575,0.39759614683,0.32704266027,1,0.948939986353904,NA,NA,0.0504400650002474,NA,NA,0.0504400650002474,0.232573589293839,0,11604.7839906687,7.723116191e-05,65481090.2533626,1e-04,1,0.0546009540557861,162.289881944656,"4_216_5",4,216,5,1940,FALSE,TRUE,3,0.0295299902858061,3,FALSE
"91",2.1077649425,0.57053532107,0.15636817698,1.57803150025,0.94008031626,0.38322390112,0.5210923963075,0.37275206589,0.39298178587,2.858545598,0.39715835948,0.14358910519,2.73148685575,0.77520953459,0.22555335828,2.5935209335,0.58555945026,0.37404565705,1,0.945023126871204,NA,NA,0.0523389724315015,NA,NA,0.0523389724315015,0.197007332294299,0,87359.6310588027,0.001234243408,65481090.2533626,1e-04,1,0.0572431087493896,162.354490041733,"4_216_6",4,216,6,1941,FALSE,TRUE,3,0.0150221704761098,4,FALSE
"92",2.41510018875,0.65074348001,0.10515030492,1.26567269325,0.77219088721,0.37077773011,0.516486067985,0.37731625902,0.39058076698,2.55047733625,0.51034028974,0.122339515993,2.8905508225,0.97256917364,0.23292968619,2.36980329175,0.66381141972,0.401931548,1,0.935656004998012,NA,NA,0.056803711405465,NA,NA,0.056803711405465,0.167288062249466,0,114437.606021304,0.001647808346,65481090.2533626,1e-04,1,0.0540549755096436,162.737845897675,"4_217_3",4,217,3,1947,FALSE,TRUE,1,0.0152796706327898,4,FALSE
"93",1.67938719025,0.41740905589,0.16654083984,1.88311713025,0.83000271898,0.38411502025,0.5051800516725,0.315561157381,0.39388620775,2.87591262575,0.37401945047,0.108458460403,2.793470432,0.71836623143,0.29244321744,2.60588826975,0.42976726644,0.337903628205,1,0.948406709576764,NA,NA,0.0507027818010913,NA,NA,0.0507027818010913,0.217579388837275,0,26172.7494713441,0.0002997293269,65481090.2533626,1e-04,1,0.0532550811767578,163.045865058899,"4_217_8",4,217,8,1952,FALSE,TRUE,3,0.0229211968413424,3,FALSE
"94",1.8778181015,0.45443378909,0.09312553248,1.921863436,0.75092315744,0.39862569043,0.520113112225,0.3034777930131,0.3914388829,2.98068355375,0.40136461062,0.10028465623987,2.65155564025,0.65699837229,0.21897394329,2.98023625625,0.52670513712,0.3699796984,1,0.946189872758956,NA,NA,0.0517806125594482,NA,NA,0.0517806125594482,0.197889864833282,0,45020.7537294087,0.0005875970025,65481090.2533626,1e-04,1,0.0533788204193115,163.573508024216,"4_218_7",4,218,7,1960,FALSE,TRUE,1,0.0149357482826565,NA,NA
"95",2.317058926,0.55677904168,0.27192672402,1.23465183525,0.85970813542,0.3800746078,0.5205206683025,0.3062510999614,0.39976082248,2.7755619595,0.39854205466,0.109789190641,2.7745207335,0.69410088655,0.26426870304,2.67726989475,0.39454956168,0.32932585042,1,0.949081037252718,NA,NA,0.0503703476593846,NA,NA,0.0503703476593846,0.230216778334208,0,13557.3321777599,0.0001070526486,65481090.2533626,1e-04,1,0.058568000793457,164.008201122284,"4_219_5",4,219,5,1967,FALSE,TRUE,2,0.0284625792188546,3,FALSE
"96",1.47154493425,0.315737775046,0.19355260113,2.36819966,0.81713602528,0.3935533675,0.5117112320925,0.3019652691191,0.39725827099,2.908611612,0.3047028145584,0.113691590407,2.39075689125,0.44706681332,0.25001077935,2.951529447,0.338032440411,0.312216430965,1,0.949158051764345,NA,NA,0.05033224087697,NA,NA,0.05033224087697,0.232735396750501,0,35632.566947529,0.0004442101765,65481090.2533626,1e-04,1,0.0495510101318359,164.063954114914,"4_219_6",4,219,6,1968,FALSE,TRUE,2,0.0295803562252809,3,FALSE
"97",0.688272607625,0.324904732279,0.0572370258,1.65792479475,0.95182706064,0.39954066295,0.50046550634675,0.3070073542,0.38780236852,2.77519040725,0.42683951119,0.112549507321,2.6179257495,0.68944623928,0.21670661412,2.71650879375,0.39720139219,0.323898920355,1,0.948516311235506,NA,NA,0.0506488982110166,NA,NA,0.0506488982110166,0.217162805408157,0,39467.9104123947,0.0005027878059,65481090.2533626,1e-04,1,0.0490789413452148,164.118973970413,"4_219_7",4,219,7,1969,FALSE,TRUE,2,0.022719848406746,3,FALSE
"98",2.1077649425,0.57053532107,0.15636817698,1.57803150025,0.94008031626,0.38923365751,0.5062098777275,0.355233113509,0.38872656424,2.9132767065,0.42174814064,0.108652960558,2.67731528325,0.74800069643,0.23419642623,2.7675045805,0.59056801578,0.36801757805,1,0.945823064581775,NA,NA,0.0519567995946476,NA,NA,0.0519567995946476,0.19711523351743,0,45278.5083415865,0.0005915337175,65481090.2533626,1e-04,1,0.0499410629272461,164.231544017792,"4_219_9",4,219,9,1971,FALSE,TRUE,2,0.0147509604561139,4,FALSE
"99",2.0954518485,0.47001910744,0.1360485993,2.6220603415,0.67483216708,0.39402345193,0.52043161529,0.40393709585,0.39985320736,2.99656399825,0.41360130502,0.114707854987,2.7745331515,0.52890344155,0.28452205188,2.81317969425,0.44699915769,0.30195771699,1,0.948277455763144,NA,NA,0.0507662535087587,NA,NA,0.0507662535087587,0.216472986752042,0,14356.7840633382,0.0001192627666,65481090.2533626,1e-04,1,0.0510241985321045,164.431724071503,"4_220_3",4,220,3,1974,FALSE,TRUE,3,0.0224513713874914,3,FALSE
"100",1.7387066685,0.53426710692,0.2056195494,2.45815766475,0.72420836892,0.39910632589,0.5044383399025,0.316825738167,0.39662437417,2.958248032,0.47031521388,0.115430186209,2.896147585,0.7711781004,0.271132701,2.52688632325,0.71600212325,0.406746027,1,0.945073114411648,NA,NA,0.0523151725012989,NA,NA,0.0523151725012989,0.188823423483298,0,71120.8982059694,0.0009862274262,65481090.2533626,1e-04,1,0.0504257678985596,164.544848918915,"4_220_5",4,220,5,1976,FALSE,TRUE,1,0.0118448423743061,4,FALSE
"101",2.047872314,0.53344140918,0.03705819099,1.648038761,0.78293355775,0.32590726696,0.5077583619,0.31643775196,0.39065113477,2.80301040775,0.39632760242,0.14629485472,2.69659959125,0.79546102046,0.24412456716,2.49672414575,0.66037046682,0.3880443783,1,0.944239986187842,NA,NA,0.0527104362528805,NA,NA,0.0527104362528805,0.188363562553397,0,100469.596406229,0.001434473374,65481090.2533626,1e-04,1,0.0592968463897705,164.611423969269,"4_220_6",4,220,6,1977,FALSE,TRUE,1,0.0121267642763078,4,FALSE
"102",0.77757839725,0.311994211292,0.03260477283,2.1701860305,0.87547806043,0.36144753994,0.50226245235325,0.38075785102,0.38723804716,2.79250786075,0.42900695115,0.104459829802,2.7000610445,0.57415259368,0.26734468389,2.84514473375,0.309361457007,0.31430991397,1,0.951027855160747,NA,NA,0.049398042214649,NA,NA,0.049398042214649,0.249789995102693,0,11577.3772548042,7.681257577e-05,65481090.2533626,1e-04,1,0.0509560108184814,164.781357049942,"4_220_9",4,220,9,1980,FALSE,TRUE,1,0.0371082561982472,3,FALSE
"103",2.17183259075,0.59121591254,0.13476543093,1.6076220475,0.762315546,0.39540611251,0.528529521175,0.345727444567,0.39286362907,2.7789880045,0.47141579126,0.13704808123,2.71355427475,0.84281913252,0.19559170149,2.717010085,0.71212301802,0.38349728655,1,0.944078190451208,NA,NA,0.0527868543318721,NA,NA,0.0527868543318721,0.186729286007697,0,83766.463612594,0.00117936456,65481090.2533626,1e-04,1,0.0517580509185791,165.043322086334,"4_221_4",4,221,4,1984,FALSE,TRUE,1,0.0116567412441635,4,FALSE
"104",1.84194775775,0.46833490359,0.20065907625,1.67832430475,0.80536670772,0.38658787411,0.5069461714325,0.30024637053602,0.39412700545,2.85115935775,0.3926220848,0.127496267101,2.6038658325,0.49607251258,0.25125092331,2.8431948965,0.38743811062,0.315367524,1,0.94901505485167,NA,NA,0.050402972837762,NA,NA,0.050402972837762,0.221968237707582,0,14560.2230381587,0.0001223699128,65481090.2533626,1e-04,1,0.060870885848999,165.169188976288,"4_221_6",4,221,6,1986,FALSE,TRUE,2,0.0247892038910602,3,FALSE
"105",0.99762633825,0.45443378909,0.09312553248,1.921863436,0.75092315744,0.39862569043,0.520113112225,0.3034777930131,0.3914388829,2.98068355375,0.40136461062,0.10028465623987,2.65155564025,0.59072174943,0.25767053577,2.87216303825,0.352830193038,0.325443870855,1,0.949656904993557,NA,NA,0.0500847061569865,NA,NA,0.0500847061569865,0.231133786130006,0,18266.0525486775,0.0001789694611,65481090.2533626,1e-04,1,0.0532548427581787,165.427093982697,"4_222_1",4,222,1,1990,FALSE,TRUE,1,0.0288182733993862,3,FALSE
"106",1.8034474435,0.49741447208,0.22865580522,2.21855015375,0.83230123919,0.38126299906,0.5061141494025,0.3010977370684,0.39441684787,2.869831892,0.37517267779,0.107243227555,2.63420121325,0.59885801414,0.24287387085,2.82183057175,0.41838619681,0.32129347643,1,0.948102698545154,NA,NA,0.0508519442664011,NA,NA,0.0508519442664011,0.210220732481998,0,34247.0141653468,0.000423048474,65481090.2533626,1e-04,1,0.0508339405059814,165.553153038025,"4_222_3",4,222,3,1992,FALSE,TRUE,1,0.0197226839377358,3,FALSE
"107",0.647410193625,0.312146311226,0.018660643926,2.43762253525,0.96403010716,0.37859458312,0.517167102585,0.58665652274,0.39972502378,2.85538325175,0.37023932104,0.16531998241,2.39075689125,0.70150413877,0.25001077935,2.951529447,0.33258691093,0.320620643675,1,0.949964284766669,NA,NA,0.0499315709854693,NA,NA,0.0499315709854693,0.255255136659863,0,21601.9808834211,0.0002299194674,65481090.2533626,1e-04,1,0.0520141124725342,165.913669109344,"4_222_9",4,222,9,1998,FALSE,TRUE,2,0.0396099005483692,3,FALSE
"108",2.1077649425,0.57053532107,0.21891396717,1.6764082665,0.94008031626,0.38923365751,0.5062098777275,0.355233113509,0.38872656424,2.9132767065,0.42174814064,0.108652960558,2.67731528325,0.74800069643,0.23419642623,2.7675045805,0.59056801578,0.36801757805,1,0.945847557446678,NA,NA,0.0519450536853856,NA,NA,0.0519450536853856,0.194620774412442,0,45278.5083415865,0.0005915337175,65481090.2533626,1e-04,1,0.0605208873748779,166.121464014053,"4_223_3",4,223,3,2001,FALSE,TRUE,1,0.0137299192598743,4,FALSE
"109",2.553637364,0.77524706201,0.028332668178,0.83509653775,0.86385588,0.38463121231,0.52055918699,0.350655926216,0.39272895424,2.53395641425,0.4867379052,0.15494266789,2.59649221625,0.87080442958,0.15241388013,2.67082068275,0.87665742022,0.40136447275,1,0.930267783755908,NA,NA,0.0591342966257211,NA,NA,0.0591342966257211,0.170017501385231,0,139246.670984922,0.002026719968,65481090.2533626,1e-04,1,0.0521399974822998,166.238675117493,"4_223_5",4,223,5,2003,FALSE,TRUE,2,0.0197072136970832,4,FALSE
"110",1.67257187,0.324252060812,0.29597374002,2.46824805325,0.76126359251,0.35184679852,0.5060834840125,0.40816318093,0.3608443333,2.8105997155,0.4511290382,0.124195044787,2.87580760925,0.69748682911,0.2798749152,2.610394677,0.327082897058,0.3655756714,1,0.950914234489618,NA,NA,0.0494553134145952,NA,NA,0.0494553134145952,0.292686553639712,0,9821.31201342647,4.999199507e-05,65481090.2533626,1e-04,1,0.0510001182556152,166.354162931442,"4_223_7",4,223,7,2005,FALSE,TRUE,3,0.0563845841719386,3,FALSE
"111",1.7387066685,0.53426710692,0.2056195494,2.45815766475,0.72420836892,0.39910632589,0.5044383399025,0.316825738167,0.39662437417,2.958248032,0.47031521388,0.115430186209,2.896147585,0.7711781004,0.27583057764,2.52688632325,0.71600212325,0.406746027,1,0.945073260688623,NA,NA,0.0523151028404198,NA,NA,0.0523151028404198,0.188840777327689,0,71120.8982059694,0.0009862274262,65481090.2533626,1e-04,1,0.0615730285644531,166.421988010406,"4_223_8",4,223,8,2006,FALSE,TRUE,1,0.0118511425301568,4,FALSE
"112",2.97270211375,0.68165593781,0.20505432003,1.84232038025,0.72062622364,0.33194078548,0.5124369754975,0.31643775196,0.39065113477,2.80301040775,0.39632760242,0.14629485472,2.69659959125,0.79546102046,0.24412456716,2.49672414575,0.66037046682,0.3880443783,1,0.93725008290589,NA,NA,0.0560956622434814,NA,NA,0.0560956622434814,0.178379047106435,0,100469.596406229,0.001434473374,65481090.2533626,1e-04,1,0.0510251522064209,166.479639053345,"4_223_9",4,223,9,2007,FALSE,TRUE,1,0.0148104452917532,4,FALSE
"113",0.698987942375,0.60818247523,0.05197985514,1.1623407565,0.90851324457,0.29290071286,0.5157051898825,0.42595556799,0.39519887833,2.41574737725,0.63677059892,0.18510578962,2.19771176275,0.54327890972,0.16810552806,2.194251458,0.3018848045902,0.33440850602,1,0.951378866779388,NA,NA,0.0492206917143704,NA,NA,0.0492206917143704,0.319330306201465,0,12725.4967460138,9.434793308e-05,65481090.2533626,1e-04,1,0.0544800758361816,95.9136958122253,"5_169_9",5,169,9,1521,FALSE,TRUE,1,0.0683497565265828,1,FALSE
"114",1.145397296,0.63792932607,0.07921832073,1.7229840135,0.93961298506,0.28236596794,0.50250369977,0.328314990221,0.39763981285,2.4219292425,0.63334139825,0.19203229927,2.2726864445,0.58904451884,0.12281612052,2.019133996,0.339333621747,0.34663003238,1,0.951007693872735,NA,NA,0.0494082094809338,NA,NA,0.0494082094809338,0.30768297588755,0,18704.0503845134,0.000185659051,65481090.2533626,1e-04,1,0.0654909610748291,105.468419790268,"5_186_1",5,186,1,1666,FALSE,TRUE,3,0.0631214990607242,1,FALSE
"115",0.76329762725,0.81517404442,0.05197985514,1.1623407565,0.90851324457,0.29290071286,0.5157051898825,0.46876162562,0.39420602884,2.681056855,0.67245751522,0.15330496801,2.4991140645,0.64292698006,0.11773703697,2.6265972475,0.313207288521,0.317551075705,1,0.950928751889973,NA,NA,0.0494479995256267,NA,NA,0.0494479995256267,0.28496791466282,0,9941.46449434276,5.182709734e-05,65481090.2533626,1e-04,1,0.0597450733184814,105.772467851639,"5_186_6",5,186,6,1671,FALSE,TRUE,2,0.0529159152333532,1,FALSE
"116",0.698987942375,0.60818247523,0.05197985514,1.1623407565,0.90851324457,0.29290071286,0.5157051898825,0.42595556799,0.39519887833,2.41574737725,0.63677059892,0.18510578962,2.19771176275,0.54327890972,0.16810552806,2.194251458,0.3018848045902,0.33440850602,1,0.951378866779388,NA,NA,0.0492206917143704,NA,NA,0.0492206917143704,0.319330306201465,0,12725.4967460138,9.434793308e-05,65481090.2533626,1e-04,1,0.0533421039581299,107.719362974167,"5_189_9",5,189,9,1701,FALSE,TRUE,1,0.0683497565265828,NA,NA
"117",1.22550324,0.58424164951,0.13008374067,1.59186414875,0.87564959004,0.28729856974,0.5079537940775,0.42153862161,0.3966385024,2.65379621675,0.69544634157,0.15397569223,2.9932739235,0.95841835367,0.010838677767,2.3323214565,0.325557956718,0.31100775168,1,0.951201087472604,NA,NA,0.0493105953803212,NA,NA,0.0493105953803212,0.298080252802898,0,9751.35536370323,4.892353934e-05,65481090.2533626,1e-04,1,0.0497360229492188,112.954675912857,"5_199_2",5,199,2,1784,FALSE,TRUE,1,0.0588022324661172,1,FALSE
"118",1.22550324,0.58424164951,0.13008374067,1.59186414875,0.87564959004,0.28729856974,0.5079537940775,0.42153862161,0.3966385024,2.65379621675,0.69544634157,0.15397569223,2.9932739235,0.95841835367,0.010838677767,1.80532294175,0.325557956718,0.31100775168,1,0.951835156718563,NA,NA,0.0489891890157179,NA,NA,0.0489891890157179,0.348531458564154,0,9751.35536370323,4.892353934e-05,65481090.2533626,1e-04,1,0.0509390830993652,118.659379959106,"5_209_2",5,209,2,1874,FALSE,TRUE,1,0.0814702251523625,1,FALSE
"119",1.25313713475,0.7398934386,0.09121130748,1.86379933425,0.74125286233,0.28627824367,0.503382954825,0.316278676967,0.3963018934,2.544391102,0.75424020775,0.14033321638,2.7093030925,0.71761738431,0.027535666755,2.295260157,0.41289636946,0.35946757395,1,0.949888420476174,NA,NA,0.0499694098414057,NA,NA,0.0499694098414057,0.267733041871838,0,8484.58634987108,2.957603461e-05,65481090.2533626,1e-04,1,0.0589580535888672,119.36298584938,"5_210_4",5,210,4,1885,FALSE,TRUE,3,0.0452138563772708,1,FALSE
"120",1.28924354725,0.84029115021,0.0416792811,1.74977336225,0.93404384862,0.31632649003,0.5076132080925,0.39007329989,0.39452254006,2.7565635485,0.67071776126,0.113220843745,2.52055767525,0.59695789522,0.12862920915,2.29228706,0.79048125462,0.39447763665,1,0.946501140137572,NA,NA,0.0516306315771541,NA,NA,0.0516306315771541,0.209323160226129,0,18516.3205267134,0.0001827918319,65481090.2533626,1e-04,1,0.0527079105377197,119.821537971497,"5_211_2",5,211,2,1892,FALSE,TRUE,3,0.0196892037759202,4,TRUE
"121",1.2518006575,0.83507262151,0.12276549906,1.44244169725,0.86389543161,0.28830154129,0.51026546908,0.316569089495,0.39983646154,2.903519887,0.72643306041,0.116186523928,2.99379865025,0.75334522387,0.0003471688305,2.350359671,0.37007357483,0.32687226788,1,0.950098936974428,NA,NA,0.0498643397516882,NA,NA,0.0498643397516882,0.264141378504426,0,17975.3159412314,0.0001745290084,65481090.2533626,1e-04,1,0.0537939071655273,120.25811290741,"5_211_9",5,211,9,1899,FALSE,TRUE,2,0.0435913105587913,1,TRUE
"122",1.291483233,0.71187222433,0.1430496375,1.38157125725,0.83523104341,0.29586403642,0.502097664045,0.327867549465,0.397659262,2.79045052875,0.69679682413,0.122024347723,2.184622414,0.51954522604,0.018328293192,1.4276771805,0.347645728438,0.31366991164,1,0.951839418958219,NA,NA,0.0489870213736213,NA,NA,0.0489870213736213,0.373848285964177,0,9087.73143786093,3.878793695e-05,65481090.2533626,1e-04,1,0.057873010635376,121.169596910477,"5_213_5",5,213,5,1913,FALSE,TRUE,1,0.092849789982354,1,FALSE
"123",0.86431805375,0.57188545552,0.05115685398,1.6714865605,0.97154953194,0.28351014076,0.5205317371775,0.48912044949,0.39834768529,2.8059462185,0.71035648591,0.114129718075,2.52390904525,0.88454348869,0.10121526918,2.73002161625,0.312244729735,0.32713488035,1,0.9507526664407,NA,NA,0.0495366387644422,NA,NA,0.0495366387644422,0.289147042887038,0,21386.9383661978,0.000226635099,65481090.2533626,1e-04,1,0.0512678623199463,123.364414930344,"5_217_4",5,217,4,1948,FALSE,TRUE,3,0.0547983594459295,1,FALSE
"124",1.204465306,0.38357687191,0.13593833397,1.71140210975,0.88505291677,0.28649619253,0.5061044540775,0.50551424726,0.3966385024,2.65379621675,0.69305172375,0.13947243967,2.97683360475,0.72341052215,0.008545811961,1.58273225525,0.365951121901,0.31029748107,1,0.951810952067149,NA,NA,0.049001496927742,NA,NA,0.049001496927742,0.357299826181343,0,9924.03114846806,5.15608359e-05,65481090.2533626,1e-04,1,0.0551738739013672,124.401251792908,"5_219_2",5,219,2,1964,FALSE,TRUE,3,0.0854116425635844,1,FALSE
"125",1.661247723,0.52712630836,0.2055327459,1.72518997075,0.8089401198,0.29138232196,0.5041034526,0.309910853743,0.39960524086,2.76864201825,0.71518788528,0.12256092709,2.579950301,0.77193832483,0.018328293192,1.4276771805,0.347645728438,0.31366991164,1,0.951978281370913,NA,NA,0.0489163477404429,NA,NA,0.0489163477404429,0.374766103343415,0,9087.73143786093,3.878793695e-05,65481090.2533626,1e-04,1,0.0619699954986572,124.982795000076,"5_220_2",5,220,2,1973,FALSE,TRUE,1,0.093261636824197,1,FALSE
"126",0.86431805375,0.52649548425,0.13348998588,1.4649953345,0.75392643716,0.29964514288,0.51269856495,0.38610227262,0.39702200011,2.92940961025,0.69346542669,0.104899273156,2.126944362,0.53117301991,0.10121526918,2.73002161625,0.312244729735,0.32713488035,1,0.950563844006615,NA,NA,0.0496315137489263,NA,NA,0.0496315137489263,0.273635002663814,0,21386.9383661978,0.000226635099,65481090.2533626,1e-04,1,0.0615861415863037,125.287237882614,"5_220_7",5,220,7,1978,FALSE,TRUE,3,0.0478354130387322,1,FALSE
"127",1.204465306,0.38357687191,0.13593833397,1.71140210975,0.88505291677,0.28649619253,0.5061044540775,0.50551424726,0.3966385024,2.65379621675,0.69305172375,0.12605054548,2.97683360475,0.72341052215,0.008545811961,1.58273225525,0.365951121901,0.31029748107,1,0.951828201155097,NA,NA,0.0489927261923081,NA,NA,0.0489927261923081,0.357136665842433,0,9924.03114846806,5.15608359e-05,65481090.2533626,1e-04,1,0.0515549182891846,126.282558917999,"5_222_5",5,222,5,1994,FALSE,TRUE,2,0.0853381925719652,1,FALSE
"128",1.104126983,0.46476291559,0.06806331438,1.21376254,0.74648695182,0.30321561631,0.520842038225,0.43528296782,0.39232130089,2.51846727325,0.64665900507,0.19210702837,2.71007288975,0.55770313807,0.10772140113,2.3186371655,0.318533661419,0.301801550734,1,0.951225954093247,NA,NA,0.0492980300991149,NA,NA,0.0492980300991149,0.30506543432165,0,7133.65208604323,8.94306461e-06,65481090.2533626,1e-04,1,0.0528249740600586,126.523763895035,"5_222_9",5,222,9,1998,FALSE,TRUE,1,0.0619410185604795,1,FALSE
"129",1.0164303175,0.56298413771,0.03514281351,1.21761465275,0.77752315212,0.328112584,0.50871579968,0.47077426982,0.38490707167,2.54128763275,0.61631028184,0.23778597508,2.3231854195,0.97219597158,0.025104239067,2.8325991015,0.308356564111,0.318570704295,1,0.950593660070853,NA,NA,0.0496165445470596,NA,NA,0.0496165445470596,0.284722860803745,0,7267.76565185607,1.099139609e-05,65481090.2533626,1e-04,1,0.0519900321960449,126.661901950836,"5_223_2",5,223,2,2000,FALSE,TRUE,3,0.0528153313348964,1,FALSE
"130",1.48306042225,0.43390564607,0.16969081893,2.075015246,0.78295012367,0.28878422134,0.50889627361,0.45940894305,0.39266144173,2.69933550925,0.7392094672,0.106360795528,2.415948143,0.93131611018,0.11182024458,1.2218005665,0.356705198018,0.30739618955,1,0.952185035514644,NA,NA,0.0488109311988335,NA,NA,0.0488109311988335,0.519104765502152,0,8394.63399235244,2.82021822e-05,65481090.2533626,1e-04,1,0.0617859363555908,127.083195924759,"5_223_9",5,223,9,2007,TRUE,TRUE,3,0.158140564743269,1,FALSE
