"","solID","mape","MAPE_train","KL_Divergence","decomp.rssd","nrmse","nrmse_train","facebook_S_thetas","newsletter_thetas","ooh_S_thetas","print_S_thetas","search_S_thetas","tv_S_thetas","facebook_S_alphas","newsletter_alphas","ooh_S_alphas","print_S_alphas","search_S_alphas","tv_S_alphas","facebook_S_gammas","newsletter_gammas","ooh_S_gammas","print_S_gammas","search_S_gammas","tv_S_gammas","cluster","n","top_sol"
"1","1_159_1",0,0.0491385034736365,0.0175874644118745,0.703627163334505,0.0496837971478611,0.0496837971478611,0.43690353996635,0.71656238711386,0.626593825960686,0.284007148723692,0.527777335144072,1,0.722838410730033,0.170447786262132,1,0.901102029252306,0.934785886219267,0.117810742994054,0.415675438684114,0.475191945505296,0.420553875608273,0.570665039592653,0.353672174621378,0.40835990746878,2,8,FALSE
"2","1_162_2",0,0.0489732935606267,0.00545509463162202,0.699193271774865,0.0498320879886563,0.0498320879886563,0.284599292469047,0.290919842624059,0.984585935615863,0.602055619878525,0.126002652032648,0.19933248263145,0.84719494156472,0.998314825146696,0.877860246023231,0.991826512508807,0.521229354565222,0.127473414896847,0.316551597811658,0.125575981542728,0.920546147320596,0.821613234034522,0.26946238427615,0.537654135374259,2,8,FALSE
"3","1_165_5",0,0.0489154443505049,0.00835414728709105,0.681639214818054,0.0497847262029571,0.0497847262029571,0.0507046062328952,0.290919842624059,0.984585935615863,0.602055619878525,0.126002652032648,0.19933248263145,0.252485336488726,0.998314825146696,0.877860246023231,0.991826512508807,0.521229354565222,0.127473414896847,0.508956965110329,0.125575981542728,0.920546147320596,0.821613234034522,0.26946238427615,0.537654135374259,2,8,FALSE
"4","1_188_4",0,0.0492194103420282,0.00527552490341255,0.58747574747467,0.0500919737702681,0.0500919737702681,0.171853590717038,0.254001421915992,0.383945543011116,0.74890161112127,0.0175275871200424,0.537249801741908,0.0600233587734303,0.777190512309551,0.284579776097164,0.996038196149577,0.716012457799176,0.156740659669926,0.996287695988922,0.0148436189261345,0.468438556203214,0.654226110918861,0.380653904152528,0.422457291353192,2,8,FALSE
"5","1_207_6",0,0.0491951375787937,0.036566291627059,0.612511680379169,0.049631499042203,0.049631499042203,0.566416025396514,0.184858858016306,0.99730500475766,0.0332436614798525,0.137825538417981,0.27582992898646,0.0187172943646171,0.123740227276891,0.489476718625158,0.873973719747824,0.305205914475859,0.105822323362536,0.759487651283581,0.742213123724502,0.940186371114545,0.346436879410212,0.320766342474372,0.664891987959206,4,38,FALSE
"6","1_210_9",0,0.0491719811249971,0.00544280883585994,0.591215537982968,0.0501739860524342,0.0501739860524342,0.470973838348242,0.0951626134895389,1,0.310408330370455,0.575275877702103,0.27582992898646,0.0187172943646171,0,0.508302986911969,0.9787692205868,0.546562410639334,0.230801990667852,0.759487651283581,0.776566636031632,1,0.666335536453707,0,0.664891987959206,4,38,FALSE
"7","1_215_8",0,0.0491658935507311,0.00614433559576015,0.579439228314467,0.0498754668273852,0.0498754668273852,0.488542719896307,0.530998286074887,0.769006127618587,0.267420024182018,0.442620102869861,0.691906675659438,0.12185764321397,0.0286445906987418,0.453237383493219,0.810891448865351,0.49063016604739,0.279229867298891,0.34000365774289,0.950106437630951,0.515308878537725,0.547086408725022,0.350440630614755,0.407222046907603,4,38,FALSE
"8","1_217_7",0,0.0491441260325939,0.00567994537769039,0.625073111784099,0.0495233893934285,0.0495233893934285,0.35367053462972,0.0155820015508325,0.519413632070976,0.328896325215959,0.284993511675012,0.193972314324479,0.121718333121037,0.577766770959687,0.520233783661119,0.905034790965254,0.825667190993276,0.119555651052287,0.362466413941718,0.490702707592767,0.644378174766122,0.720642321659352,0.272620761354649,0.59654588764917,2,8,FALSE
"9","1_219_2",0,0.0489968919882771,0.014609574873422,0.585987285951243,0.0499428943594826,0.0499428943594826,0.488542719896307,0.615142358135639,0.514567191812676,0.403581702820857,0.76256888396308,0.519389104748659,0,0.0286445906987418,0.385476102798641,0.590998253612347,0.421436405970238,0.243321501225646,0.34000365774289,0.950106437630951,0.202361584985601,0.604891457419995,0.730328755095291,0.399433917766688,4,38,FALSE
"10","2_182_5",0,0.0489836521658241,0.0043429291559816,0.449152814737703,0.0492696090899703,0.0492696090899703,0.837596647520381,0.31978708487973,0.926652331322566,0.613211318537178,0.283505220978386,0.0427903610942868,0.179724980330232,0.6546435763563,0,0.62870700725793,0.26100527393663,0.00849408700252238,0.867314429921042,0.55070399604031,0.843415750458626,0.479346657661358,0.697822800024066,0.23646749471194,4,38,FALSE
"11","2_185_8",0,0.0488834568488776,0.00434226350558831,0.449599410517171,0.0491319598184156,0.0491319598184156,0.837596647520381,0.31978708487973,0.926652331322566,0.412309043247826,0.283505220978386,0.0427903610942868,0.179724980330232,0.6546435763563,0,0.62870700725793,0.906826304849724,0.00849408700252238,0.867314429921042,0.55070399604031,0.843415750458626,0.659597253933815,0.697822800024066,0.23646749471194,4,38,TRUE
"12","2_211_3",0,0.0488921785003874,0.0128774414014126,0.458049889216747,0.049493988864358,0.049493988864358,0.773632718588062,0.287073686190583,0.923646510737446,0.734919179503441,0.854527175049216,0.141261964175667,0.311770969335582,0.766058976626525,0.0653531745484296,0.575929060950061,0.929962392270841,0.153774753947955,0.29223462192232,0.429478670807725,0.360246230094812,0.151597967203515,0.446725806855929,0.120040352890019,3,31,FALSE
"13","2_222_7",0,0.0491324622141064,0.00469285554549196,0.61797028548216,0.0488236650681094,0.0488236650681094,0.0534145813483235,0.300437197990651,0.359234722941599,0.704373096943535,0.614873294941152,0.0387430989761527,0.4240796005761,0.974687681468135,0.347800468532177,0.608769265188283,1,0.25376565359332,0.0323188469607165,0.787187236245604,0.161762797784174,0.955024406972769,0.126239429334855,0.0201066946172076,2,8,TRUE
"14","3_146_6",0,0.0491798839074777,0.00248527747260966,0.576549227529634,0.0492230622534375,0.0492230622534375,0.836955634236187,0.168074143467334,0.150678265330066,0.135331893315911,0.997265993504804,0.115596778658234,0.689565472380912,0.697875221112327,0.0444483889047081,0.482711215869825,0.357904022949146,0.252787194914137,0.310139274701905,0.730987621361314,0.66794487996062,0.600254307397533,0.766254951384209,0.0873515470242869,3,31,FALSE
"15","3_153_3",0,0.0486534409632661,0.0141793029816194,0.606295359530099,0.0490807532104688,0.0490807532104688,0.850039273038227,0.758228413550961,0.150678265330066,0.135331893315911,0.997265993504804,0.115596778658234,0.864465518886895,0.687187216587457,0.214218170197803,0.482711215869825,0.357904022949146,0.252787194914137,0.144573038395146,0.262387758124529,0.66794487996062,0.600254307397533,0.766254951384209,0.0873515470242869,3,31,FALSE
"16","3_156_6",0,0.0484234743599874,0.004467932578707,0.595907499773964,0.0494151669425088,0.0494151669425088,0.500854306931126,0.308759468019388,0.0236597113151617,0.00479851791509455,0.997265993504804,0.115596778658234,0.279651116718343,0.479568058184758,0.100795155509177,0.465835086080878,0.151477604645572,0.252787194914137,0.354429133422932,0.340952669796563,0.720735835396966,0.206908811352731,0.766254951384209,0.0873515470242869,3,31,FALSE
"17","3_161_6",0,0.0489706123764128,0.00475103871091029,0.673094402194038,0.0504198397203319,0.0504198397203319,0.246370350583345,0.0466874187512319,0.0702828703861389,0.204972001140538,0.262912231980899,0.321360196659774,0.779190676867238,0.0207120599099976,0.160811997014645,0.31152556246786,0.0307677881318939,0.611237956748688,0.44843254910097,0.314617227732969,0.712188800211338,0.732912657491577,0.349780786394333,0.216711031965002,1,23,FALSE
"18","3_164_9",0,0.0490430814934222,0.00574542560164559,0.550750481835933,0.0504028610233389,0.0504028610233389,0.246370350583345,0.0466874187512319,0.0702828703861389,0.204972001140538,0.262912231980899,0.321360196659774,0.280689346891423,0.0207120599099976,0.160811997014645,0.31152556246786,0.0307677881318939,0.611237956748688,0.44843254910097,0.314617227732969,0.712188800211338,0.732912657491577,0.349780786394333,0.216711031965002,1,23,FALSE
"19","3_168_1",0,0.0491622044064249,0.00435593199519409,0.561793753282814,0.0505054356368412,0.0505054356368412,0.170712605727009,0.0417690566646116,0.0711361036157981,0.727226177492785,0.262641281866655,0.0907846200151185,0.00197943554135132,0.078178277343939,0.219683242107456,0.820137376789311,0.553101498544521,0.135187704748261,0.828961887022757,0.323407480268775,0.68176699030479,0.432398094951381,0.597733314431343,1,4,38,FALSE
"20","3_168_3",0,0.0489693006157898,0.00476856819561178,0.673494826758534,0.0504210469032976,0.0504210469032976,0.246370350583345,0.0466874187512319,0.0702828703861389,0.204972001140538,0.262912231980899,0.334463818713387,0.779190676867238,0.0207120599099976,0.160811997014645,0.31152556246786,0.0307677881318939,0.611237956748688,0.44843254910097,0.314617227732969,0.712188800211338,0.732912657491577,0.349780786394333,0.216711031965002,1,23,FALSE
"21","3_169_9",0,0.048380670381903,0.00449105473708104,0.59741807720973,0.049417986729043,0.049417986729043,0.500854306931126,0.308759468019388,0.0236597113151617,0.00479851791509455,0.290742755544957,0.115596778658234,0.279651116718343,0.479568058184758,0.100795155509177,0.465835086080878,0.151477604645572,0.252787194914137,0.354429133422932,0.340952669796563,0.720735835396966,0.206908811352731,0.766254951384209,0.0873515470242869,3,31,FALSE
"22","3_172_1",0,0.0489992383877317,0.0165575802358428,0.506371858501062,0.0501629807917428,0.0501629807917428,0,0.212204939759483,0.592580362433403,0.960701721245846,0.682273737293215,0.214249438683255,0.0574303824657131,0.148476803710187,0.0812594609300717,0.269620242179498,0.00347817629524272,0.289056259284232,0.0585640627053687,0.138308217598132,0.267372699114729,1,0.5338172106118,0.154761408480361,1,23,FALSE
"23","3_172_8",0,0.0489034599085513,0.0223943590076099,0.535099735254132,0.0498730258438381,0.0498730258438381,0.232068498358677,0.506846326216385,0.104816389022028,0.0738740046247747,0.937870916289356,0.0650747303605237,0.313402264360988,0.0939155371333796,0.0966395717514678,0.492463005260403,0.690947866606721,0.385928157657618,0.151432316549032,0.210161370193003,0.567614759116597,0.651847080491349,0.866228889965822,0.223409630620184,1,23,FALSE
"24","3_173_3",0,0.0488624844203669,0.0043432949655894,0.599304190961953,0.0490783394291076,0.0490783394291076,0.500854306931126,0.421591308834375,0.478774923371503,0,0.997265993504804,0.115596778658234,0.279651116718343,0.479568058184758,0.27148602872784,0.704012488861834,0.0251351366659508,0.252787194914137,0.354429133422932,0.165754704757462,0.713641873056144,0.405342593291654,0.989133443240594,0.0873515470242869,3,31,FALSE
"25","3_174_7",0,0.0486498705835003,0.0106282283661584,0.557747642371132,0.0497113262023922,0.0497113262023922,0.170712605727009,0.0417690566646116,0.702302740548756,0.145318366861158,0.664994687822911,0.0180350838633015,0.337280712984819,0.078178277343939,0.219683242107456,0.96556405919714,0.654728531884078,0.0194467794270794,0.828961887022757,0.323407480268775,0.68176699030479,0.530778571367297,0.937390885052844,0.859308519125266,4,38,FALSE
"26","3_176_1",0,0.0488303899575075,0.00336749580273149,0.637041135882541,0.0494533897896025,0.0494533897896025,0.949959901459941,0.0376186162989942,0.00479394806398139,0.0904868750091964,0.553693724376628,0.833831572622336,0.720333868126234,0.594814893747688,0.10159608123391,0.940244392137483,0.431338258452564,0.379128867207777,0.474670080182057,0.744221125742078,0.956295160020952,0.361803906763024,0.656310680385942,0.0147009031094998,3,31,FALSE
"27","3_176_2",0,0.0487949757884583,0.00682630591753075,0.539155552240414,0.049936923005897,0.049936923005897,0.232068498358677,0.0141847817717283,0.104816389022028,0.0738740046247747,0.937870916289356,0.0650747303605237,0.313402264360988,0.0939155371333796,0.0966395717514678,0.492463005260403,0.690947866606721,0.385928157657618,0.151432316549032,0.110816052691558,0.567614759116597,0.651847080491349,0.866228889965822,0.223409630620184,1,23,FALSE
"28","3_176_6",0,0.0485708135607929,0.00620506440389992,0.58928181254594,0.049503942770913,0.049503942770913,0.295230487835133,0.0850659231256835,0,0.177678783458688,0.997265993504804,0.115596778658234,0.279651116718343,0.275610953881526,0.130169205157665,0.831484809904502,0.465675439830525,0.252787194914137,0.354429133422932,0.540728971923466,0.790764646843409,0.0121761215602703,0.766254951384209,0.0873515470242869,3,31,FALSE
"29","3_178_1",0,0.0484781662976566,0.039871178477054,0.563073281273151,0.0498229525899767,0.0498229525899767,0.170712605727009,0.0417690566646116,0.702302740548756,0.145318366861158,0.664994687822911,0.0180350838633015,0.337280712984819,0.078178277343939,0.290139786543816,0.96556405919714,0.654728531884078,0.0194467794270794,0.828961887022757,0.323407480268775,0,0.530778571367297,0.937390885052844,0.859308519125266,4,38,FALSE
"30","3_178_7",0,0.0492128877029459,0.0277717845806986,0.626617482291011,0.0493827366100732,0.0493827366100732,0.156535417788686,0.754980596157025,0.503831648483827,0.93016541940999,0.293385698926684,0.214249438683255,0.0574303824657131,0.420108693700753,0.423243548724326,0.677595242710523,0.358491825854723,0.226234546178365,0.0791402461844433,0.415278995921771,0.799369586381809,0.73441321015405,0.34682624944004,0.154761408480361,2,8,FALSE
"31","3_179_4",0,0.0483354126818657,0.00688218058483413,0.614501296073047,0.0496864062771361,0.0496864062771361,0.796031647978773,0.0376186162989942,0.00479394806398139,0.0904868750091964,0.553693724376628,0.833831572622336,0.483734641052298,0.141782375614663,0.10159608123391,0.940244392137483,0.431338258452564,0.379128867207777,0.898343671681263,0.604445987356488,0.956295160020952,0.361803906763024,0.656310680385942,0.0147009031094998,4,38,FALSE
"32","3_179_5",0,0.049115177560333,0.00374104704040845,0.540007993526099,0.049846732770896,0.049846732770896,0.748154976009811,0.098576537744662,0.104816389022028,0.0738740046247747,0.937870916289356,0.0650747303605237,0.961618914514633,0.597727791561759,0.0966395717514678,0.492463005260403,0.690947866606721,0.385928157657618,0.0102063361489632,0.166574941939596,0.567614759116597,0.651847080491349,0.866228889965822,0.223409630620184,3,31,FALSE
"33","3_179_9",0,0.0483349428988021,0.00449235059687458,0.604030534476177,0.0494386643443596,0.0494386643443596,0.500854306931126,0.308759468019388,0.0236597113151617,0.00479851791509455,0.997265993504804,0.115596778658234,0.0859768945758427,0.479568058184758,0.100795155509177,0.465835086080878,0.151477604645572,0.252787194914137,0.354429133422932,0.340952669796563,0.720735835396966,0.206908811352731,0.766254951384209,0.0873515470242869,3,31,FALSE
"34","3_182_7",0,0.0491963203176152,0.0185998912806893,0.649848735084524,0.049388073818774,0.049388073818774,0.469716572846346,0.363646828059663,0.339483147008768,0.412594556410289,0.553693724376628,0.833831572622336,0.366571498661559,0.370020143515446,0.409191506181238,0.869203123233094,0.480951941555872,0.379128867207777,1,0.659228255575043,0.373968338084522,0.614290519830745,0.656310680385942,0.0147009031094998,4,38,FALSE
"35","3_183_6",0,0.0486486842357714,0.00863270332899679,0.601295841594097,0.0494081220612911,0.0494081220612911,0.587767648848388,0.18150253445033,0.113618598923282,0.0903484004543464,0.29897890879238,0.0543347398389587,0.464531767955372,0.0109370394698949,0.122520971012447,0.919961211348843,0.470791906674446,0.115175751940841,0.970511515840516,0.745966440440101,0.482814141327688,0.228883561403479,0.747428482909625,0.136583172990864,4,38,FALSE
"36","3_185_2",0,0.0489326993021793,0.00391249543286725,0.515647006662502,0.0499339678246939,0.0499339678246939,0.0892473735127966,0.26143208507781,0.225219584510456,0.000871819346501556,0,0.0600334621371275,0.208940194989783,0.363050392036318,0.102747243392714,0.761340515391379,0.591188645342879,0.331367630296199,0.715183304952752,0.714630057327289,0.60021901183903,0.43080205081116,0.615137793579077,0.3684056791842,4,38,FALSE
"37","3_186_6",0,0.0489428457107477,0.00550868556075953,0.595392070056304,0.0491537319528819,0.0491537319528819,0.785202137862635,0.260380957183168,0.348030020105185,0.00479851791509455,0.997265993504804,0.115596778658234,0.279651116718343,0.488869553407798,0.235842672320504,0.608969049760636,0.151477604645572,0.252787194914137,0.354429133422932,0.386215632130036,0.918130348627871,0.140765140371833,0.766254951384209,0.0873515470242869,3,31,FALSE
"38","3_186_9",0,0.0488484635444211,0.00344491868407077,0.620656287729616,0.0492047506522661,0.0492047506522661,0.347520536264235,0.361701897884244,0.113618598923282,0.0903484004543464,0.29897890879238,0.0543347398389587,0.0351511169269799,0.242333681947426,0.198297581999875,0.919961211348843,0.470791906674446,0.115175751940841,0.953345266486989,0.994191081397163,0.482814141327688,0.228883561403479,0.747428482909625,0.136583172990864,4,38,FALSE
"39","3_188_5",0,0.0491521056469046,0.0431064281998242,0.538430961925272,0.0495559872251681,0.0495559872251681,0.0892473735127966,0.26143208507781,0.633165347536045,0.0958270256831714,0.655700256656613,0.0600334621371275,0.208940194989783,0.363050392036318,0.155988396658919,0.609450510226806,0.432039417893664,0.019986981495603,0.715183304952752,0.714630057327289,0.58129890121481,0.270794406219327,0.517934113144691,0.68704018270439,4,38,FALSE
"40","3_189_7",0,0.0488490076843142,0.0496051810012445,0.506718180841879,0.0497900440735691,0.0497900440735691,0.198706400656599,0.0851886617072537,0.713154298208518,0.545479890470968,0.979747047150432,0.461107518711235,0.226237018960801,0.0568634109314802,0.111156101954001,0.169194337591444,0.624272394305765,0.385638771424344,0.437159737113044,0.535517396463253,0.839493314122956,0.81788390618899,0.729506158324759,0.0611219739038431,1,23,FALSE
"41","3_189_9",0,0.0491331367291307,0.00425156901386651,0.575582079710471,0.0493861154661836,0.0493861154661836,0.500854306931126,0.308759468019388,0.0236597113151617,0.00479851791509455,0.40978298428568,0.0335472800167452,0.279651116718343,0.479568058184758,0.100795155509177,0.465835086080878,0.330489768754922,0.425593091142236,0.354429133422932,0.340952669796563,0.720735835396966,0.206908811352731,0.561129450268809,0.0220930687912314,3,31,FALSE
"42","3_190_3",0,0.0488788617748044,0.00386506227968994,0.614213693515589,0.0492216249525218,0.0492216249525218,0.347520536264235,0.748291135035891,0.113618598923282,0.0903484004543464,0.29897890879238,0.0543347398389587,0.0351511169269799,0.242333681947426,0.198297581999875,0.919961211348843,0.470791906674446,0.115175751940841,0.953345266486989,0.511458900086705,0.482814141327688,0.228883561403479,0.747428482909625,0.136583172990864,4,38,FALSE
"43","3_190_6",0,0.0487413731316385,0.00380059112159873,0.551318215453843,0.0498903063681776,0.0498903063681776,0.772310472646719,0.283389016332183,0.281491777780795,0.136578668303516,0.679974737814013,0.227862364952767,0.882836857503854,1,0.118830345333957,0.564215060726294,0.525353374118185,0.265706029220823,0.327654431202099,0.175992168305926,0.216598755756885,0.483180301589688,0.87961496878356,0.336375573973113,3,31,FALSE
"44","3_191_3",0,0.0486258764194676,0.0125027580883141,0.657054815878585,0.0494127310323032,0.0494127310323032,0.880717509745723,0.466125627356097,0.359767519511942,0.249544489959141,0.518197463328722,0.0871458716904219,0.291908740534027,0.431164441310006,0.51616460354848,0.764084882937675,0,0.0760736636468171,0.89829704977769,0.0863395354550705,0.0120084815042154,0.622739851493418,0.29087023453031,0.333500723884001,4,38,FALSE
"45","3_192_7",0,0.0488005573518003,0.00378917273082318,0.625361815134047,0.0495344412853624,0.0495344412853624,0.796031647978773,0.543581817263317,0.00479394806398139,0.0904868750091964,0.553693724376628,0.833831572622336,0.483734641052298,0.321488424354049,0.10159608123391,0.940244392137483,0.431338258452564,0.379128867207777,0.898343671681263,0.881974300602353,0.956295160020952,0.361803906763024,0.656310680385942,0.0147009031094998,4,38,FALSE
"46","3_193_9",0,0.0487253031893237,0.00590742647653938,0.552213052757497,0.0498916981702847,0.0498916981702847,0.772310472646719,0.283389016332183,0.281491777780795,0.136578668303516,0.145991862093551,0.227862364952767,0.882836857503854,1,0.118830345333957,0.564215060726294,0.525353374118185,0.265706029220823,0.327654431202099,0.175992168305926,0.216598755756885,0.483180301589688,0.87961496878356,0.336375573973113,3,31,FALSE
"47","3_194_6",0,0.0487054664820347,0.0215788750833004,0.665766707287687,0.0493722534286395,0.0493722534286395,0.880717509745723,0.466125627356097,0.2269542310292,0.416031326594491,0.518197463328722,0.0871458716904219,0.291908740534027,0.431164441310006,0.51616460354848,0.673278181444305,0,0.0760736636468171,0.89829704977769,0.0863395354550705,0.159190687774319,0.639989227648522,0.29087023453031,0.333500723884001,4,38,FALSE
"48","3_195_5",0,0.0486541321062187,0.0416877509453204,0.607247531655021,0.0493096480997994,0.0493096480997994,0.026346139364951,0.539520085534006,0.225125739255064,0.241062801406887,0.911356739483784,0.30006155913608,0.280443476700679,0.51049395145035,0.232781766819055,0.656623212519911,0.715113966584246,0.215787576235371,0.963530969041743,0.133928389999747,0.479013904308243,0.377690110639938,0.511723134375506,0.0935991957263632,1,23,FALSE
"49","3_197_9",0,0.049034845510938,0.00480035391587003,0.618456493460343,0.049706960942825,0.049706960942825,0.74942981790294,0.721524463289918,0.925220172970106,1,0.518197463328722,0.0871458716904219,0.291908740534027,0.105896085216868,0.659661938018383,0.701013691499784,0,0.0760736636468171,0.679000809070055,0,0.10228407004888,0.879856249529945,0.29087023453031,0.333500723884001,2,8,FALSE
"50","3_198_8",0,0.0482816387231085,0.00381539640266331,0.619235173083527,0.0492796537812569,0.0492796537812569,0.989370149772679,0.327465685745531,0.0345390855859284,0.248254423357236,0.911356739483784,0.30006155913608,0.280443476700679,0.613904463039454,0.16380295738577,0.800997847324893,0.843853081474402,0.215787576235371,0.0596478080011303,0.277956078590588,0.736160490948011,0.564222367139708,0.476434120393526,0.0935991957263632,3,31,TRUE
"51","3_198_9",0,0.0490983128589378,0.0104058784679603,0.566409298899494,0.0495879318604322,0.0495879318604322,0.198483781162505,0.808512147037134,0.383260447799948,0.309675337428418,0.432900583764458,0.339289275308476,0.0246007638184941,0.0434332540327308,0.237848637200419,0.731014790255302,0.941507704219526,0.229278119875794,0.969294982357502,0.287880757776201,0.519765937428454,0.439353053228975,0.440160471032459,0.243445281672491,4,38,FALSE
"52","3_199_7",0,0.0489957062992601,0.0296656054421607,0.505293932890848,0.0497712317470423,0.0497712317470423,0.176304152445603,0.234479628041067,0.713154298208518,0.545479890470968,0.979747047150432,0.461107518711235,0.087108737392409,0.18784277889443,0.111156101954001,0.169194337591444,0.624272394305765,0.385638771424344,0.855181184585871,0.265410988878556,0.839493314122956,0.81788390618899,0.729506158324759,0.0611219739038431,1,23,FALSE
"53","3_202_7",0,0.0488022883851569,0.00748753340829573,0.626229628557952,0.0495364181461134,0.0495364181461134,0.796031647978773,0.543581817263317,0.00479394806398139,0.0904868750091964,0.553693724376628,0.833831572622336,0.483734641052298,0.321488424354049,0.10159608123391,0.940244392137483,0.431338258452564,0.379128867207777,0.963711226487295,0.881974300602353,0.956295160020952,0.361803906763024,0.656310680385942,0.0147009031094998,4,38,FALSE
"54","3_203_1",0,0.0490411065134809,0.0264254482571539,0.505164365658119,0.0497574508106501,0.0497574508106501,0.0908835790145027,0.234479628041067,0.713154298208518,0.545479890470968,0.979747047150432,0.461107518711235,0.0410789853324147,0.283827016138677,0.111156101954001,0.169194337591444,0.624272394305765,0.385638771424344,0.451536855972377,0.265410988878556,0.839493314122956,0.81788390618899,0.729506158324759,0.0611219739038431,1,23,FALSE
"55","3_203_3",0,0.0482711869190006,0.0172668661225143,0.559559275274838,0.0495483424814618,0.0495483424814618,0.424287096707444,0.255722707797726,0.428610381061784,0.388121735908312,0.62777558671197,0.178109006942621,0.153651636420698,0.289675000248856,0.169122803069017,0.505099711994429,0.153294909103231,0.316363625536797,0.195178423458958,0.0281469456843093,0.655354512057215,0.800846325252739,0.53927965852255,0.128227740515474,1,23,FALSE
"56","3_203_9",0,0.0489609935330812,0.00430416013303272,0.616689082219071,0.0496621560617704,0.0496621560617704,0.744884767462754,0.684839224856038,0.269448202656402,0.136578668303516,0.679974737814013,0.227862364952767,1,0.905636869054396,0.0266717961132383,0.564215060726294,0.525353374118185,0.265706029220823,0.383159859050256,0.622845624532134,0.98163488378829,0.483180301589688,0.87961496878356,0.336375573973113,3,31,FALSE
"57","3_205_5",0,0.048404632267754,0.00350106400611998,0.598261916019781,0.0494379082421336,0.0494379082421336,0.989370149772679,0,0.0303609709499441,0.17981451740871,1,0.30006155913608,0.280443476700679,0.613904463039454,0.0858010162137003,0.437696947110521,0.731611371166738,0.215787576235371,0.0596478080011303,0.277956078590588,0.92649784614242,0.546642567120959,0.327394894239569,0.0935991957263632,3,31,FALSE
"58","3_206_4",0,0.0488592449016526,0.0376795404888033,0.560426928951126,0.0496661714685891,0.0496661714685891,0.0908835790145027,0.411930102336553,0.295674804174398,0.13809703371554,0.979747047150432,0.461107518711235,0.0410789853324147,0.296532811067733,0.147436578737244,0.20485238065041,0.668595556882593,0.385638771424344,0.451536855972377,0.0968705333591594,0.711650416505554,0.43462198304072,0.74779614752888,0.0611219739038431,1,23,FALSE
"59","3_207_3",0,0.0491241134534226,0.00244515530353733,0.585774177191816,0.0494917535251137,0.0494917535251137,0.789443215065741,0.29283223327271,0.281491777780795,0.136578668303516,0.135360227208622,0.0820680168018693,0.72996813588523,0.875296496939203,0.0806730802030579,0.564215060726294,0.525353374118185,0.0493356135149848,0.409172071661559,0.354857010247864,0.216598755756885,0.483180301589688,0.87961496878356,0.396744533220178,3,31,FALSE
"60","3_208_5",0,0.0492044624843098,0.00435711400866102,0.436365735726126,0.0498873058088663,0.0498873058088663,0.0956058209342662,0.372745219636289,0.761596149300159,0.140952736831048,0.725857200294537,0.336240328565434,0.0272840806793937,0.097494233595534,0.0779083038876708,0.697493321225361,0.509218591776307,0.459386284704138,0.792775842730908,0.850774375883327,0.315302302209765,0.717783525108099,0.312633253671055,0.213006030056481,4,38,FALSE
"61","3_208_9",0,0.0491697795524788,0.0152307883441638,0.618527596160195,0.049486320745913,0.049486320745913,0.240637555499303,0.998401782889346,0.0591747753403127,0.499626602065787,0.432900583764458,0.339289275308476,0.199747566822511,0.155374849282971,0.373097318599227,0.930588167354595,0.935778898919565,0.229278119875794,0.982512528048657,0.118630590477788,0.875123305677924,0.405086768126727,0.440160471032459,0.243445281672491,4,38,FALSE
"62","3_209_3",0,0.0489370410033914,0.0389068726482871,0.743056208411048,0.0494823373614851,0.0494823373614851,1,0.422804299273052,0.0638943011791192,0.0828438204730779,0.764037124153286,0.0664251212571099,0.220027278980955,0.882035809460172,0.358194685190118,0.897702354960471,0.398837657028604,0.183397381031749,0.331329118374956,0.500957183225552,0.550593277622207,0.101041742711017,0.701363081107531,0.4538381004001,3,31,FALSE
"63","3_209_4",0,0.0490684717897852,0.00267157003022298,0.576469549288298,0.0492788785396261,0.0492788785396261,0.66793180420806,0.30674527160832,0.3799802872059,0.0904868750091964,0.331944312382017,0.181291090837485,0.56874325600967,0.273730573232351,0.124587641658709,0.985547122260592,0.431338258452564,0.17007493947605,0.353342828345724,0.42382882948319,0.701399616751213,0.490209999167994,0.696004928245261,0.112660951986871,4,38,FALSE
"64","3_209_9",0,0.0482938091449997,0.00364648000101671,0.533248796110883,0.0494977418669926,0.0494977418669926,0.350994968026866,0.0551546653898379,0.366063025197205,0.227406087364006,0.40978298428568,0.0335472800167452,0.575006226919173,0.27349072898576,0.0908021239288385,0.466599527262965,0.330489768754922,0.425593091142236,0.414867516715793,0.0257996290750602,0.171790616832609,0.262481891658976,0.261753658864677,0.0220930687912314,1,23,FALSE
"65","3_210_1",0,0.0490660846744504,0.0210258987860097,0.474968911215678,0.0497689354744298,0.0497689354744298,0.433601236876745,0.522180876353833,0.887440283799022,0.125614112108984,0.0894955060515346,0.391403717457325,0.247002132166363,0.0753710107220718,0.117639385375459,0,0.174921014338381,0.484202348061122,0.83178693675352,0.551953273773224,0.0591356760036252,0.70724279657094,0.228239616663021,0.00190301678563386,1,23,FALSE
"66","3_210_8",0,0.0490578518642915,0.0302802349965517,0.537182809925723,0.050004260565787,0.050004260565787,0.105041085260398,0.16412162842508,0.129491543702237,0.450327934394994,0.789395407996556,0.210086360016117,0.167529680513243,0.41901815910719,0.0501976000842428,0.586874255646384,0.208335079072531,0.385219064743979,0.794172109725825,0.885662587135661,0.847667411085011,0,0.942050284396146,0.129415219381309,4,38,FALSE
"67","3_211_5",0,0.0489627203662742,0.0106692491469427,0.635256635043321,0.0493859648333023,0.0493859648333023,0.742343684055847,0.933712684255627,0.106722355381728,0.286731061667336,0.628238025717498,0.196444112562449,0.353994769226564,0.407392814441067,0.364125773346884,0.962253667996438,0.466833707633315,0.22387172477691,0.871850668995496,0.877237471694714,0.822854929426672,0.612541352799023,0.723023207267842,0.333947681127104,4,38,FALSE
"68","3_212_2",0,0.0486409012657264,0.0106275921599695,0.577524484078989,0.0494753324425583,0.0494753324425583,0.989370149772679,0.429271232580372,0.0303609709499441,0.17981451740871,1,0.30006155913608,0.280443476700679,0.613904463039454,0.0251797274237583,0.437696947110521,0.731611371166738,0.215787576235371,0.0596478080011303,0.277956078590588,0.92649784614242,0.546642567120959,0.327394894239569,0.0935991957263632,3,31,FALSE
"69","3_212_4",0,0.0490935550432727,0.0043615389306846,0.575792339057179,0.0494601792497087,0.0494601792497087,0.881293916791241,0.170684189666744,0.265351962269509,0.479787832747441,0.790224782738238,0.261291329868976,0.733470157078234,0.904794220529775,0.183934621182738,0.661848186510077,0.588206294600209,0.30114171846551,0,0.419259000510721,0.682810797133779,0.644295541724415,0.833924021790031,0.217317146460386,3,31,FALSE
"70","3_212_7",0,0.049057357650051,0.0029843432499943,0.577967026576406,0.0492844403099386,0.0492844403099386,0.66793180420806,0.30674527160832,0.3799802872059,0.0904868750091964,0.331944312382017,0.181291090837485,0.56874325600967,0.273730573232351,0.124587641658709,0.985547122260592,0.431338258452564,0.17007493947605,0.353342828345724,0.42382882948319,0.701399616751213,0.490209999167994,1,0.112660951986871,4,38,FALSE
"71","3_213_1",0,0.0484480624356956,0.0183800065368606,0.583004980874173,0.049694781894331,0.049694781894331,0.0908835790145027,0.4637082838682,0.00539708719009042,0.138156822942219,0.979747047150432,0.461107518711235,0.0410789853324147,0.296532811067733,0.097659077573288,0.251124630508137,0.672397288079136,0.385638771424344,0.451536855972377,0.0968705333591594,0.871823652631694,0.543257654840104,0.74779614752888,0.0611219739038431,1,23,FALSE
"72","3_213_3",0,0.0482151466488727,0.00367835163064321,0.525583630135524,0.0493684223596736,0.0493684223596736,0.350994968026866,0.0551546653898379,0.366063025197205,0.18959442652344,0.40978298428568,0.0335472800167452,0.575006226919173,0.27349072898576,0.0908021239288385,0.466599527262965,0.837878800319403,0.425593091142236,0.414867516715793,0.0257996290750602,0.171790616832609,0.375046616491552,0.327003806678586,0.0220930687912314,1,23,FALSE
"73","3_213_5",0,0.0491291537392344,0.00369278894778352,0.536839366580661,0.0496315747049074,0.0496315747049074,0.211939550614821,0.00491810994765453,0.567722928937754,0.414355073962822,0.67228942194364,0.26435246132637,0.0741863119072267,0.217215541625898,0.0742404088987907,0.946108025866655,0.615206919362715,0.147153052580349,0.0463124804784113,0.368156366632084,0.848563892500189,0.74237094229265,0.517459932658174,0.178937580787436,1,23,FALSE
"74","3_214_8",0,0.0487023207691485,0.0243164604319561,0.579362495613778,0.0496590422699524,0.0496590422699524,0.742343684055847,0.933712684255627,0.106722355381728,0.286731061667336,0.628238025717498,0.196444112562449,0.353994769226564,0.407392814441067,0.105135476482394,0.962253667996438,0.466833707633315,0.22387172477691,0.871850668995496,0.877237471694714,0.822854929426672,0.612541352799023,0.723023207267842,0.333947681127104,4,38,FALSE
"75","3_215_2",0,0.049196018523068,0.0228025648634457,0.517585694199061,0.0495569529001219,0.0495569529001219,0.0956058209342662,0.372745219636289,0.761596149300159,0.140952736831048,0.725857200294537,0.336240328565434,0.0272840806793937,0.097494233595534,0.0779083038876708,0.697493321225361,0.509218591776307,0.0195504290299666,0.792775842730908,0.850774375883327,0.315302302209765,0.717783525108099,0.312633253671055,0.374431603782176,4,38,FALSE
"76","3_215_5",0,0.0483684201005907,0.0036787076848301,0.59875024575177,0.0494428397824164,0.0494428397824164,0.989370149772679,0,0.0303609709499441,0.17981451740871,0.71363181599525,0.30006155913608,0.280443476700679,0.613904463039454,0.0858010162137003,0.437696947110521,0.731611371166738,0.215787576235371,0.0596478080011303,0.277956078590588,0.92649784614242,0.546642567120959,0.327394894239569,0.0935991957263632,3,31,FALSE
"77","3_215_6",0,0.0492090518751957,0.0100607364475666,0.656173098630875,0.0493564684954732,0.0493564684954732,0.848668493185288,0.517120770531273,0.0591747753403127,0.499626602065787,0.432900583764458,0.339289275308476,0.199747566822511,0.317180563769548,0.585702452997586,0.930588167354595,0.935778898919565,0.229278119875794,0.982512528048657,0.432606789155815,0.875123305677924,0.405086768126727,0.440160471032459,0.243445281672491,4,38,FALSE
"78","3_215_8",0,0.0491374437297586,0.00570050224751625,0.643208424402406,0.0491382885452062,0.0491382885452062,0.793838843118879,0.861489096463925,0.0941160526129337,0.0807531828860005,0.843078012997821,0.226070598276264,0.663197787596386,0.44973758439562,0.412108842579596,0.303024611543229,0.345659633300105,0.213592617954446,0.286457790889897,0.620409052025969,0.42444239803214,0.794703925674608,0.565159717579648,0.168286487543796,3,31,FALSE
"79","3_216_6",0,0.0487551991728728,0.00801468863189866,0.535715413304941,0.049566439040986,0.049566439040986,0.350994968026866,0.0551546653898379,0.366063025197205,0.18959442652344,0.314911678900235,0.147546333953106,0.378772339045403,0.27349072898576,0.0908021239288385,0.466599527262965,0.837878800319403,0.345103631676853,0.877176619577019,0.0257996290750602,0.171790616832609,0.375046616491552,0.6977119993716,0.0564802506163626,1,23,FALSE
"80","3_219_4",0,0.0491282630891982,0.00286934170360365,0.577654554689329,0.0492440350911346,0.0492440350911346,0.66793180420806,0.30674527160832,0.3799802872059,0.0904868750091964,0.331944312382017,0.181291090837485,0.56874325600967,0.273730573232351,0.124587641658709,0.985547122260592,0.431338258452564,0.17007493947605,0.353342828345724,0.676686793482586,0.701399616751213,0.490209999167994,0.696004928245261,0.112660951986871,4,38,FALSE
"81","3_219_9",0,0.0480064630097177,0.0120214283010216,0.460813985688213,0.0492822261735891,0.0492822261735891,0.350994968026866,0.0685782150761504,0.393069425572391,0.18959442652344,0.40978298428568,0.0335472800167452,0.575006226919173,0.27349072898576,0.000420470553957296,1,0.837878800319403,0.425593091142236,0.414867516715793,0.147468909225422,0.141671334541071,0.327698527588241,0.327003806678586,0.0220930687912314,1,23,TRUE
"82","3_220_1",0,0.0492066609299088,0.00890272586525022,0.533173116480382,0.0496242593067854,0.0496242593067854,0.752949401759431,0.297270119242031,0.887440283799022,0.125614112108984,0.0894955060515346,0.391403717457325,0.247002132166363,0.104754339550627,0.206145333853592,0,0.174921014338381,0.484202348061122,0.452033150276016,0.23054611761155,0.808042370725786,0.70724279657094,0.228239616663021,0.00190301678563386,1,23,FALSE
"83","3_221_2",0,0.0488228427630648,0.00790979932154597,0.480151684524058,0.0494368242024492,0.0494368242024492,0.163140699451932,0.020076915440742,0.477985068613805,0.0787638385302276,0.362248643185963,0.215351669205582,0.520746758232193,0.571787496599566,0.057079753087437,0.615516549283705,0.691752390004119,0.504453721415012,0.425146174464177,0.551235392862134,0.000481824159383353,0.461269181206385,0.483925686447412,0.0744376614056242,1,23,FALSE
"84","3_221_8",0,0.0487758048048238,0.00334909659619399,0.511758552052462,0.0497165849244817,0.0497165849244817,0.0956058209342662,0.372745219636289,0.290441937518605,0.0930104720068252,0.276203376691515,0.367769254099907,0.0272840806793937,0.097494233595534,0.0779083038876708,0.972634092995974,0.245736235474804,0.595583679085147,0.792775842730908,0.850774375883327,0.556559948644752,0.483776075502085,0.300313783196972,0.08588938927549,4,38,FALSE
"85","3_223_3",0,0.0488055561572849,0.0036524293155507,0.568507482881498,0.0491466501689792,0.0491466501689792,0.604544436951368,0.259111860340657,0.382598114920098,0.110308385348878,0.347512046783012,0.151742328688003,0.569995850170489,0.273682604361928,0.0997542074172701,0.988437697783782,0.512646366825931,0.221178569898564,0.365647766060188,0.368556845390982,0.589453960370198,0.457707704830194,0.622204703911274,0.0220930687912314,4,38,FALSE
"86","4_110_1",0,0.0491849723892553,0.00381004775064296,0.579400555939513,0.0493851781312847,0.0493851781312847,0.472998424570114,0.662503000301418,0.879244593595214,0.528700259944323,0.140549344084049,0,0.784169495342297,0.383850849245932,0.0431255109484726,0.81392982496692,0.358651278277864,0,0.668837477804576,0.989250134207682,0.829596865570422,0.584699871679168,0.996940999166674,0.487686664446005,4,38,FALSE
"87","4_145_9",0,0.048684670803137,0.0194783424252582,0.467496091138212,0.0497507150436406,0.0497507150436406,0.351127262777253,0.29337396689507,0.931049657616173,0.271985429584167,0.623565150772658,0.204116926145998,0.384675238461096,0.0392011654191535,0.111638379338294,0.411272407955523,0.949045626374637,0.165719321864466,0.942727072834427,0.697707574380035,0.0316075676625405,0.991181122378422,0.919701042205062,0.319477388542417,1,23,FALSE
"88","4_149_3",0,0.0486075867137026,0.00712591832033217,0.53367560820153,0.0497577867210032,0.0497577867210032,0.205025005871673,0.158807273109204,0.931049657616173,0.271985429584167,0.623565150772658,0.204116926145998,0.384675238461096,0.00760649217783338,0.262257738156608,0.411272407955523,0.949045626374637,0.165719321864466,0.942727072834427,0.206765060783126,0.0316075676625405,0.991181122378422,0.919701042205062,0.319477388542417,1,23,FALSE
"89","4_218_5",0,0.048515937503378,0.017748735557614,0.523813418500729,0.0495695409403683,0.0495695409403683,0.201202452442045,0.714628239442517,0.505212147978225,0.128364746308881,0.187857632050513,0.106847443436908,0.421570268845616,0.326616025101434,0.00128926809942642,0.59234680719182,0.210447049718332,0.321553406587797,0.749750214062149,0.246294341499452,0.208947971763783,0.304804632366229,0.501833763489006,0.150167860026838,4,38,FALSE
"90","5_139_6",0,0.0492109293062849,0.0028121995170976,0.470182979365736,0.049417691416173,0.049417691416173,0.933367997377616,0.631407512558563,0.312266264445665,0.256095177803878,0.348886259027859,0.602075131162242,0.390151134029079,0.824240772231537,0.0304516986648903,0.58513784113573,0.806979322690917,1,0.312401685930955,0.848591616938877,0.647132588779668,0.481920730585554,0.189569979024136,0,3,31,FALSE
"91","5_165_3",0,0.0487516250374182,0.0117882158282438,0.714513001585609,0.0495992151787567,0.0495992151787567,0.613744601538284,0.597148584344724,0.0737430362925762,0.0345380497153914,0.524319575334058,0.532030885492195,0.195552293954509,0.748373309613938,0.090645914005133,0.89897268291796,0.00991645709645963,0.201908656858147,0.134663481638325,0.888586486989731,0.633264971430189,0.542088862579581,0.676951274356472,0.350347819891739,3,31,FALSE
"92","5_182_9",0,0.0490010610438824,0.0127861088169559,0.507958612823165,0.0495697187095235,0.0495697187095235,0.682425576941454,0.837298462918077,0.312266264445665,0.256095177803878,0.348886259027859,0.410529854103727,0.124132528351877,0.756352503380516,0.0304516986648903,0.58513784113573,0.806979322690917,0.283305691914085,0.155930735319813,0.890746268074604,0.647132588779668,0.481920730585554,0.189569979024136,0.230313171265124,3,31,FALSE
"93","5_197_6",0,0.0487330187054381,0.00325348979036318,0.591346568268568,0.0493670948174191,0.0493670948174191,0.389785502023322,0.285822904086716,0.480858498165421,0.380383060438266,0.714555276329548,0.0850155278136028,0.222413872251167,0.608407064036615,0.0286188584343102,0.682920220839342,0.292372415678895,0.183187998849797,0.872961900410731,1,0.0355926071607417,0.427303077210749,0.631472901138139,0.22722292451555,4,38,FALSE
"94","5_200_9",0,0.048951224716535,0.00628786620505746,0.390286645835356,0.0491918793489434,0.0491918793489434,0.389785502023322,0.285822904086716,0.998158431955994,0.380383060438266,0.714555276329548,0.0850155278136028,0.222413872251167,0.608407064036615,0.0286188584343102,0.876687821322651,0.292372415678895,0.183187998849797,0.872961900410731,1,0.0355926071607417,0.427303077210749,0.631472901138139,0.22722292451555,4,38,FALSE
"95","5_206_3",0,0.0491702672830579,0.0143155719252631,0.572354592358366,0.0492867920666116,0.0492867920666116,0.682425576941454,1,0.413155786222691,0.408891477229206,0.872224870757517,0.0792170803658882,0.124132528351877,0.772570910363963,0.381215816804257,0.569726334957087,0.796781042235694,0.674993865550342,0.155930735319813,0.869324990530484,0.0490021743347198,0.698926931924997,0.0273729730048249,0.0554390693068206,3,31,FALSE
"96","5_216_7",0,0.0491983930402081,0.048855710700138,0.495058300320899,0.0493403203366756,0.0493403203366756,0.904816793122606,0.616085712411056,0.457619304830246,0.278381940008092,0.67047865937757,0.387331978114575,0.178646389629951,0.889733278485443,0.0801603120058908,0.602728115529622,0.748010839582826,0.628655690764014,0.0750774986097274,0.762517904975981,0.28822305970602,0.379974917957344,0.153256199518265,0.0469968848376217,3,31,FALSE
"97","5_217_4",0,0.0487466321102666,0.0246984258651104,0.654677602593451,0.0490777805491432,0.0490777805491432,0.883196514993502,0.257640883981194,0.0542221998916477,0.262960225691128,0.666894163439556,0.299498831670509,0.390208605762829,0.81546151269237,0.467595127486194,0.875731453760237,0.779444530074412,0.272836403370133,0.0848327281163005,0.534728404848623,0.964122749418153,0.0244762839042612,0.70849252018431,0.127494037092513,3,31,FALSE
"98","5_220_7",0,0.0485339170171871,0.0292954120226877,0.657470311483019,0.0490660875896215,0.0490660875896215,0.600673291317046,0.257640883981194,0.0542221998916477,0.262960225691128,0.666894163439556,0.299498831670509,0.28679389789616,0.752995603563488,0.467595127486194,0.875731453760237,0.779444530074412,0.272836403370133,0.0583608863329646,0.616466678430978,0.964122749418153,0.0244762839042612,0.70849252018431,0.127494037092513,3,31,FALSE
"99","5_221_7",0,0.0491598710317103,0.0051510566024517,0.596876561076187,0.0498811923886828,0.0498811923886828,0.450836873974148,0.529856589757621,0.275907720563626,0.244955574009042,0.254715497806615,0.721350723688666,0.277093038877443,0.161015710538617,0.106201163204412,0.617917933062987,0.0604844889652918,0.0754706767867922,0.559021072511016,0.303288657754892,0.937861198287622,0.249396556202378,0.734223057946922,0.233655025135251,4,38,FALSE
"100","5_222_1",0,0.0492040325717067,0.00389743475074707,0.590866271852726,0.0497097522577241,0.0497097522577241,0.819820857183567,0.836003754070198,0.105712027668997,0.194303669562689,0.099128677720843,0.518294796969059,0.377497704993658,0.682679069578541,0.183925826525257,0.6978753721241,0.653585866164162,0.254158200787879,0.41149030422365,0.3053519501645,0.225209394119436,0.295468410197896,0.553535109260985,0.221903930723922,3,31,FALSE
