"","facebook_S_alphas","facebook_S_gammas","facebook_S_thetas","newsletter_alphas","newsletter_gammas","newsletter_thetas","ooh_S_alphas","ooh_S_gammas","ooh_S_thetas","print_S_alphas","print_S_gammas","print_S_thetas","search_S_alphas","search_S_gammas","search_S_thetas","tv_S_alphas","tv_S_gammas","tv_S_thetas","train_size","rsq_train","rsq_val","rsq_test","nrmse_train","nrmse_val","nrmse_test","nrmse","decomp.rssd","MAPE_train","mape","lambda","lambda_hp","lambda_max","lambda_min_ratio","pos","Elapsed","ElapsedAccum","solID","trial","iterNG","iterPar","iterations","coef0","mape.qt10","robynPareto","error_score","cluster","top_sol"
"1",1.24297967725,0.60200932237,0.10185216342,2.9373660245,0.81326384081,0.1029917452654,1.42559859475,0.64906875129,0.36650619688,1.63298452525,0.79435115114,0.14870198362,1.5519119085,0.58163459352,0.17013235587,1.28106682975,0.44499929101,0.319848847325,1,0.951741463160017,NA,NA,0.0490368144321337,NA,NA,0.0490368144321337,0.618606968293634,0.0506876594377761,0,18444.7196691572,0.000181698264,65481090.2533626,1e-04,1,0.0441958904266357,53.0411541461945,"1_116_9",1,116,9,1044,FALSE,TRUE,58,0.126218849657164,5,FALSE
"2",1.10232075775,0.47764039601,0.10877973657,2.75822280475,0.73086195488,0.20070328984,0.556015629125,0.72694631735,0.37667798062,1.65260746125,0.77738756226,0.18812228788,1.591578451,0.51857736005,0.19438119489,1.42882152125,0.334434261393,0.32904583103,1,0.951922212427799,NA,NA,0.0489448961544818,NA,NA,0.0489448961544818,0.539952335572025,0.0489267950349057,0,7736.73724518466,1.815405165e-05,65481090.2533626,1e-04,1,0.0440590381622314,70.420538187027,"1_152_2",1,152,2,1361,TRUE,TRUE,26,0.10420492297116,5,FALSE
"3",0.88194097625,0.52156132278,0.10654165584,2.614246525,0.60580213104,0.24168266806,0.78651846425,0.73282825292,0.38998133113,1.59317190975,0.89107069945,0.18337699573,1.608344505,0.54753596959,0.21242676009,1.943895821,0.326380116049,0.326052825245,1,0.951701815396365,NA,NA,0.0490569538830579,NA,NA,0.0490569538830579,0.561030228740374,0.0489333659801633,0,7005.42515056332,6.984640293e-06,65481090.2533626,1e-04,1,0.061953067779541,73.7906401157379,"1_159_1",1,159,1,1423,TRUE,TRUE,67,0.110101343023225,5,FALSE
"4",1.27280557825,0.49915810026,0.11819624265,2.93565768525,0.72031943786,0.13824213094,0.96664672825,0.83818741858,0.38899224736,1.68273896175,0.70796415366,0.1727783662,1.5690503895,0.53100903483,0.15960448455,1.89459275025,0.316767013956,0.377175819,1,0.951733970263435,NA,NA,0.0490406211525836,NA,NA,0.0490406211525836,0.640783044036189,0.0493666795891494,0,7159.92674821736,9.344360462e-06,65481090.2533626,1e-04,1,0.0434451103210449,76.631294965744,"1_164_7",1,164,7,1474,TRUE,TRUE,59,0.132411533750426,5,FALSE
"5",0.9288745835,0.65260367737,0.10493958174,1.795468744,0.82808111041,0.29974159354,0.5999485881,0.9564400479,0.36460605655,1.555508069,0.94043746879,0.15167835337,1.60905131825,0.76237320584,0.13703429184,1.41086076375,0.329847868078,0.31109628593,1,0.952016203903275,NA,NA,0.0488970294173446,NA,NA,0.0488970294173446,0.467148699292103,0.0489726601106299,0,9780.71272760319,4.937191764e-05,65481090.2533626,1e-04,1,0.0437600612640381,79.8451189994812,"1_171_3",1,171,3,1533,FALSE,TRUE,15,0.0838405001437529,5,TRUE
"6",0.70960251025,0.6171495278,0.107414166,2.87601334875,0.96156176387,0.1940462041,0.98272126375,0.81657427094,0.36606457978,1.5536891625,0.89096548189,0.14827838146,1.6173798495,0.76787574022,0.14033768889,1.157741598,0.37959887817,0.31354760308,1,0.952131836092618,NA,NA,0.0488380774225659,NA,NA,0.0488380774225659,0.589617471036057,0.0499032827297384,0,10455.2748717051,5.967458066e-05,65481090.2533626,1e-04,1,0.0446679592132568,80.5402879714966,"1_172_7",1,172,7,1546,FALSE,TRUE,7,0.118102692605696,5,FALSE
"7",0.77036420075,0.77595831605,0.11526825822,2.48224805825,0.60690310329,0.15506779189,0.678383815175,0.93267915753,0.37079886313,1.660217519,0.71773175668,0.16572108442,1.57978110775,0.49781286567,0.18251416332,1.3332742635,0.330024422211,0.330423781455,1,0.95169167212752,NA,NA,0.0490621049229283,NA,NA,0.0490621049229283,0.621711049733767,0.049184836206669,0,8798.17287587641,3.436547667e-05,65481090.2533626,1e-04,1,0.047382116317749,85.1067671775818,"1_181_8",1,181,8,1628,TRUE,TRUE,71,0.127075992945774,5,FALSE
"8",0.88194097625,0.52156132278,0.10654165584,2.614246525,0.60580213104,0.36402217846,0.624147871025,0.73282825292,0.38998133113,1.59317190975,0.89107069945,0.18337699573,1.608344505,0.54753596959,0.21242676009,1.943895821,0.326380116049,0.326052825245,1,0.951697019414452,NA,NA,0.0490593894862286,NA,NA,0.0490593894862286,0.485388044694562,0.0489366521226281,0,7005.42515056332,6.984640293e-06,65481090.2533626,1e-04,1,0.0689599514007568,85.3947989940643,"1_182_4",1,182,4,1633,TRUE,TRUE,69,0.0889429572472663,5,FALSE
"9",0.88194097625,0.60050544972,0.09189459477,2.78396172975,0.71653396155,0.27612798316,0.775777231,0.84894905366,0.39844286698,1.555296246,0.87602728729,0.21905524639,1.65993347575,0.68838873206,0.29391429237,1.63329135775,0.326380116049,0.326052825245,1,0.952024599132276,NA,NA,0.048892751726231,NA,NA,0.048892751726231,0.585320316465358,0.0487941844242711,0,7005.42515056332,6.984640293e-06,65481090.2533626,1e-04,1,0.0552840232849121,88.6646862030029,"1_189_1",1,189,1,1693,TRUE,TRUE,13,0.116894652373104,5,FALSE
"10",0.963441272,0.96766166264,0.10667607675,2.77481940225,0.70362804139,0.17042173156,0.703576977,0.90936780156,0.36452236072,1.60408680775,0.76219067937,0.18146297116,1.61301662,0.47256535485,0.19886766252,1.40908593425,0.40796287187,0.3074923754,1,0.95172238917572,NA,NA,0.0490465042723869,NA,NA,0.0490465042723869,0.590489879293549,0.0485811209085927,0,6775.67661858408,3.475665286e-06,65481090.2533626,1e-04,1,0.0442330837249756,90.8284811973572,"1_193_5",1,193,5,1733,TRUE,TRUE,64,0.118340653461655,5,FALSE
"11",0.88194097625,0.60050544972,0.09189459477,2.78396172975,0.71653396155,0.27612798316,0.775777231,0.84894905366,0.39844286698,1.555296246,0.87602728729,0.21905524639,1.65993347575,0.68838873206,0.25456380489,1.37798491825,0.341119772652,0.315497514755,1,0.951725507786622,NA,NA,0.0490449201070716,NA,NA,0.0490449201070716,0.507008332388142,0.0506029491630914,0,19494.3684077763,0.0001977296665,65481090.2533626,1e-04,1,0.0417160987854004,92.0932190418243,"1_195_7",1,195,7,1753,FALSE,TRUE,63,0.0950055138332177,5,FALSE
"12",1.03680750975,0.50712712279,0.09843163749,2.60105228025,0.77852456806,0.21590311204,0.75844612475,0.90936780156,0.36452236072,1.64925747025,0.91636768151,0.15468054265,1.43401429425,0.53278052763,0.09085609839,1.57537320925,0.34774747089,0.31391127357,1,0.951746400077569,NA,NA,0.0490343060997476,NA,NA,0.0490343060997476,0.602254433804759,0.0503413364319759,0,21903.9504997411,0.0002345314831,65481090.2533626,1e-04,1,0.046144962310791,94.2806670665741,"1_200_2",1,200,2,1793,TRUE,TRUE,57,0.121641657563674,5,FALSE
"13",0.951560231,0.73253078736,0.11493564717,1.92373570875,0.53432097486,0.31173842422,0.5659313586,0.73729356573,0.39209032654,1.83283409225,0.68413349436,0.15110617105,1.542493672,0.53899129009,0.24648128472,1.39888815475,0.343255043706,0.312153385585,1,0.951821290574207,NA,NA,0.0489962402406091,NA,NA,0.0489962402406091,0.431475053346705,0.0487128724618136,0,7793.49473005609,1.902091506e-05,65481090.2533626,1e-04,1,0.0464489459991455,95.9761281013489,"1_203_6",1,203,6,1824,FALSE,TRUE,40,0.0738611452883726,5,FALSE
"14",1.0980019175,0.4793117529,0.11183787333,2.37192403825,0.90586968659,0.32163862372,0.61606145875,0.64425720434,0.36137105707,1.71425601625,0.4833719867,0.112687143838,1.57746929475,0.38988832622,0.11326397187,1.74311087375,0.326924018849,0.33129641438,1,0.951825828837016,NA,NA,0.0489939325506139,NA,NA,0.0489939325506139,0.510025606344489,0.0488262784219974,0,7085.63824641226,8.209743871e-06,65481090.2533626,1e-04,1,0.0569210052490234,101.591876983643,"1_215_1",1,215,1,1927,TRUE,TRUE,42,0.0958336254565419,8,FALSE
"15",0.6821699205,0.61119198187,0.11824565679,2.7860499695,0.55902187003,0.35192786428,0.5306540548,0.91503880438,0.37861486231,1.7101174355,0.7756965094,0.1959359545,1.7118952185,0.76642702848,0.29684903832,1.5010602135,0.314137908813,0.3049971926765,1,0.951803992209039,NA,NA,0.0490050353993165,NA,NA,0.0490050353993165,0.419604824563217,0.0502871357249966,0,21182.5329871352,0.0002235131928,65481090.2533626,1e-04,1,0.0430200099945068,103.421632051468,"1_218_8",1,218,8,1961,FALSE,TRUE,45,0.0705571448959266,5,FALSE
"16",0.6821699205,0.61119198187,0.11824565679,2.7860499695,0.55902187003,0.35192786428,0.5306540548,0.80451431737,0.37156416379,1.5755988385,0.92811571032,0.1723136833,1.60522935875,0.58176501031,0.29684903832,1.5010602135,0.314137908813,0.3049971926765,1,0.951835309178471,NA,NA,0.0489891114810198,NA,NA,0.0489891114810198,0.507927939782343,0.0502470515534766,0,21182.5329871352,0.0002235131928,65481090.2533626,1e-04,1,0.0434780120849609,105.084459066391,"1_222_2",1,222,2,1991,TRUE,TRUE,37,0.0952579690025649,5,FALSE
"17",2.986049776,0.84554599295,0.0012922598016,2.24982219975,0.95688702695,0.106271329057,0.53699069635,0.8346967101,0.39161243275,2.8279680805,0.67723561491,0.15407837359,1.95962650875,0.73717330363,0.14469837525,1.701504573,0.316500819104,0.3020559226545,1,0.952135233719349,NA,NA,0.0488363441567757,NA,NA,0.0488363441567757,0.490876434158564,0.049708823978338,0,17261.4768318857,0.0001636264639,65481090.2533626,1e-04,1,0.0443508625030518,75.8260233402252,"2_158_7",2,158,7,1420,TRUE,TRUE,6,0.0904826773955998,1,TRUE
"18",2.9037328075,0.61677222759,0.02866377954,2.653242017,0.87915090709,0.1592566492,0.533492617975,0.93580690733,0.39490600564,2.431400039,0.73845631739,0.13846317493,2.1824252305,0.37953081787,0.15799099431,1.804570605,0.320949616891,0.320901927525,1,0.95175494639797,NA,NA,0.049029963610812,NA,NA,0.049029963610812,0.471552784559952,0.0508203174992714,0,26648.0500198641,0.0003069886453,65481090.2533626,1e-04,1,0.0564389228820801,90.9928283691406,"2_189_1",2,189,1,1693,TRUE,TRUE,55,0.0850931009265179,1,FALSE
"19",2.9037328075,0.61677222759,0.02866377954,2.653242017,0.87915090709,0.1592566492,0.533492617975,0.93580690733,0.39490600564,2.431400039,0.73845631739,0.13846317493,2.1824252305,0.37953081787,0.17432456535,1.804570605,0.320949616891,0.320901927525,1,0.951754833691018,NA,NA,0.0490300208810823,NA,NA,0.0490300208810823,0.471696854574991,0.0508221540959411,0,26648.0500198641,0.0003069886453,65481090.2533626,1e-04,1,0.0442941188812256,92.6902692317963,"2_192_4",2,192,4,1723,TRUE,TRUE,56,0.0851334200494957,1,FALSE
"20",2.9037328075,0.61677222759,0.02866377954,2.653242017,0.87915090709,0.1592566492,0.533492617975,0.93580690733,0.39476885296,2.32699341475,0.76131370551,0.14205340945,2.291874046,0.38287110363,0.15799099431,1.804570605,0.320949616891,0.320901927525,1,0.95174744772102,NA,NA,0.0490337738000999,NA,NA,0.0490337738000999,0.46971842474885,0.0508120206412601,0,26648.0500198641,0.0003069886453,65481090.2533626,1e-04,1,0.044011116027832,97.698780298233,"2_202_4",2,202,4,1813,TRUE,TRUE,55,0.084580015438329,1,FALSE
"21",2.8719891805,0.83249640626,0.008675509596,2.3248824975,0.95177309232,0.111199791343,0.5322168252,0.83057009152,0.38761195573,2.754213157,0.65765728446,0.1017589778653,2.347623689,0.70035541847,0.14653742532,1.70463188475,0.34412300536,0.314823798215,1,0.95179776293428,NA,NA,0.0490082022172842,NA,NA,0.0490082022172842,0.473177709881628,0.0500974600378018,0,20164.9350321088,0.0002079713055,65481090.2533626,1e-04,1,0.0451338291168213,101.958795309067,"2_210_9",2,210,9,1890,TRUE,TRUE,47,0.0855372092384505,1,FALSE
"22",2.970122169,0.8207974408,0.11068499592,2.182896684,0.5998774723,0.24727283395,0.50200406220225,0.85281044679,0.38591640049,2.6634618235,0.56456481667,0.1469125183,2.7512101655,0.46043004691,0.19061787051,1.54123263725,0.369205874283,0.31576600685,1,0.951681544194153,NA,NA,0.0490672476354815,NA,NA,0.0490672476354815,0.44930634658885,0.0491136618322997,0,12381.0001424007,8.908639795e-05,65481090.2533626,1e-04,1,0.0529642105102539,102.295964241028,"2_211_6",2,211,6,1896,TRUE,TRUE,70,0.078851573543415,1,FALSE
"23",2.704928185,0.50201755371,0.04869513843,2.73860126825,0.88937231472,0.20965886107,0.52661667355,0.96225365346,0.39476885296,2.32699341475,0.76131370551,0.27011147794,1.84085508425,0.39201769262,0.21758465523,1.37587035125,0.355268893477,0.306624981675,1,0.952044961349156,NA,NA,0.0488823748408283,NA,NA,0.0488823748408283,0.610727670174025,0.0488441365998058,0,7703.96014398427,1.765344332e-05,65481090.2533626,1e-04,1,0.043755054473877,102.694336175919,"2_212_4",2,212,4,1903,TRUE,TRUE,13,0.124001792218695,1,FALSE
"24",2.970122169,0.9483838725,0.15554873277,2.808404876,0.5998774723,0.24727283395,0.50200406220225,0.85281044679,0.38591640049,2.6634618235,0.56456481667,0.1469125183,2.7512101655,0.46043004691,0.19061787051,1.54123263725,0.369205874283,0.31576600685,1,0.951871993750197,NA,NA,0.0489704516819863,NA,NA,0.0489704516819863,0.452583885594404,0.0491820393397766,0,12381.0001424007,8.908639795e-05,65481090.2533626,1e-04,1,0.044572114944458,103.977906227112,"2_214_9",2,214,9,1926,TRUE,TRUE,33,0.0797681750482277,1,FALSE
"25",2.704928185,0.50201755371,0.06031724901,2.73860126825,0.88937231472,0.20965886107,0.52661667355,0.96225365346,0.39476885296,2.32699341475,0.76131370551,0.27011147794,1.84085508425,0.39201769262,0.21758465523,1.37587035125,0.355268893477,0.306624981675,1,0.952044961349156,NA,NA,0.0488823748408283,NA,NA,0.0488823748408283,0.610727670174025,0.0488441365998058,0,7703.96014398427,1.765344332e-05,65481090.2533626,1e-04,1,0.0444831848144531,104.379723310471,"2_215_7",2,215,7,1933,TRUE,TRUE,13,0.124001792218695,1,FALSE
"26",2.704928185,0.37770980721,0.021556414092,2.79323811125,0.88937231472,0.20965886107,0.52661667355,0.96225365346,0.39476885296,2.32699341475,0.76131370551,0.27011147794,1.84085508425,0.39201769262,0.21758465523,1.37587035125,0.355268893477,0.306624981675,1,0.952067533699239,NA,NA,0.0488708690639551,NA,NA,0.0488708690639551,0.522675740525825,0.0488897295262201,0,7703.96014398427,1.765344332e-05,65481090.2533626,1e-04,1,0.0456500053405762,106.050806283951,"2_219_1",2,219,1,1963,TRUE,TRUE,12,0.0993719461692819,1,FALSE
"27",2.6642924515,0.39503304748,0.09207910707,2.91191898725,0.86418455968,0.15709145641,0.50378569061,0.9241284791,0.39258394213,2.88167851425,0.71023321759,0.118261690075,2.83635408,0.38034943119,0.1379995605,1.93346427025,0.3020068702766,0.31688970851,1,0.951895280011797,NA,NA,0.0489586033133733,NA,NA,0.0489586033133733,0.366973695823391,0.051217820897277,0,28920.3060559387,0.0003416930657,65481090.2533626,1e-04,1,0.0447101593017578,106.268366336823,"2_219_5",2,219,5,1967,FALSE,TRUE,28,0.055861922308467,1,FALSE
"28",2.970122169,0.8207974408,0.11068499592,2.182896684,0.5998774723,0.24727283395,0.50200406220225,0.85281044679,0.38591640049,2.86620946075,0.59358990339,0.1469125183,2.7512101655,0.46043004691,0.19061787051,1.54123263725,0.369205874283,0.31576600685,1,0.951680815937368,NA,NA,0.0490676174053839,NA,NA,0.0490676174053839,0.452914992757509,0.0491918696177994,0,12381.0001424007,8.908639795e-05,65481090.2533626,1e-04,1,0.0535991191864014,107.496904373169,"2_221_6",2,221,6,1986,TRUE,TRUE,72,0.0798614888425814,1,FALSE
"29",2.02467688,0.5877327859,0.1126246203,1.472854062,0.95586664038,0.37832197243,0.697918813775,0.44533560118,0.36304504972,2.58222040525,0.50773788525,0.17448431083,1.215625813,0.92876134587,0.16566155808,1.122883639,0.343681012235,0.30544722482,1,0.951797670732539,NA,NA,0.0490082490889617,NA,NA,0.0490082490889617,0.62160828252655,0.0500747570699327,0,9180.82151549412,4.020971211e-05,65481090.2533626,1e-04,1,0.0460090637207031,41.8656911849976,"3_84_5",3,84,5,752,TRUE,TRUE,49,0.127052561549435,7,FALSE
"30",1.931409918,0.57249263209,0.19431420603,2.1191259765,0.50178411792,0.19978186207,0.68299066945,0.71025117665,0.35684291455,2.46301795625,0.82030325578,0.19222794781,2.2684136015,0.72114170826,0.2308693407,1.4797948015,0.323269682842,0.31769616265,1,0.951710218575816,NA,NA,0.0490526861002994,NA,NA,0.0490526861002994,0.500951018928075,0.0486708728017803,0,7543.73140622022,1.52062519e-05,65481090.2533626,1e-04,1,0.0479638576507568,42.5497272014618,"3_85_8",3,85,8,764,FALSE,TRUE,66,0.0932950325331011,2,FALSE
"31",2.1855293495,0.55048440151,0.27853583442,2.19164050925,0.50250539533,0.1989902368,0.6805128617,0.59990113993,0.34815740746,2.27841312375,0.47891200012,0.15559564273,2.18109435225,0.65365704591,0.2198509683,1.51713489325,0.313437621001,0.31710469403,1,0.951683104354799,NA,NA,0.0490664554598475,NA,NA,0.0490664554598475,0.4767957295053,0.0495431976067375,0,13317.4247472289,0.0001033885156,65481090.2533626,1e-04,1,0.0477430820465088,43.5319170951843,"3_87_7",3,87,7,781,FALSE,TRUE,72,0.0865438039947142,2,FALSE
"32",2.1855293495,0.55048440151,0.27853583442,2.19164050925,0.50250539533,0.31114211863,0.68508276845,0.61003724668,0.35752980286,2.27737680025,0.4810660901,0.1808048548,2.51290267325,0.56909152396,0.2198509683,1.51713489325,0.313437621001,0.31710469403,1,0.951733684902043,NA,NA,0.0490407661228589,NA,NA,0.0490407661228589,0.466498971978442,0.049664207883088,0,13317.4247472289,0.0001033885156,65481090.2533626,1e-04,1,0.0633111000061035,53.230966091156,"3_104_4",3,104,4,931,FALSE,TRUE,60,0.083664747938984,2,FALSE
"33",2.97742941375,0.48775299312,0.29226582615,2.31572409825,0.95017612828,0.38415339175,0.5404461856,0.92785548546,0.38315873932,2.615070689,0.53385995367,0.16738923118,2.212534041,0.48655582428,0.0862670175,1.20177030825,0.45097815117,0.310029595205,1,0.951778577427804,NA,NA,0.0490179543957861,NA,NA,0.0490179543957861,0.422421108325844,0.050229546644463,0,14783.5998949685,0.0001257815725,65481090.2533626,1e-04,1,0.0706329345703125,55.0011301040649,"3_107_1",3,107,1,955,FALSE,TRUE,52,0.0713439245086513,6,FALSE
"34",2.97742941375,0.48775299312,0.29226582615,2.31572409825,0.95017612828,0.38415339175,0.5404461856,0.92785548546,0.38315873932,2.615070689,0.53385995367,0.16738923118,1.8009395445,0.5400007498,0.027574373553,1.01503519675,0.33479248388,0.310029595205,1,0.951794503035936,NA,NA,0.0490098593919912,NA,NA,0.0490098593919912,0.487282686564667,0.0517230168305552,0,14783.5998949685,0.0001257815725,65481090.2533626,1e-04,1,0.0540330410003662,56.7439961433411,"3_110_4",3,110,4,985,FALSE,TRUE,50,0.0895080856254159,6,FALSE
"35",2.97742941375,0.48775299312,0.29226582615,2.31572409825,0.95017612828,0.38415339175,0.5404461856,0.92785548546,0.39073848082,2.615070689,0.53385995367,0.16738923118,2.212534041,0.48655582428,0.0862670175,1.20177030825,0.45097815117,0.310029595205,1,0.951789672098338,NA,NA,0.049012315104055,NA,NA,0.049012315104055,0.418058594306318,0.0502430454477589,0,14783.5998949685,0.0001257815725,65481090.2533626,1e-04,1,0.0591440200805664,60.205090045929,"3_117_1",3,117,1,1045,FALSE,TRUE,50,0.0701240958271592,6,FALSE
"36",2.146683728,0.52780642878,0.23178593094,2.7752469285,0.73133178956,0.20279185588,0.5613096788,0.96465782733,0.36579356278,1.86894998525,0.5311513274,0.13700010982,2.92451999375,0.67044743918,0.1082746986,1.19420838025,0.46396776473,0.310792323255,1,0.95169816738484,NA,NA,0.0490588065091501,NA,NA,0.0490588065091501,0.454131746699668,0.0490764251681244,0,8325.8564337192,2.715173486e-05,65481090.2533626,1e-04,1,0.0461370944976807,61.2225151062012,"3_119_1",3,119,1,1063,FALSE,TRUE,68,0.0802009705186293,6,FALSE
"37",2.08464001175,0.50198644032,0.26980694373,2.19025743725,0.76875196571,0.31166622829,0.591081524325,0.89775784131,0.38367951913,1.76648473575,0.72046353265,0.111776951302,2.85756080575,0.68717752738,0.012675388452,1.19351995925,0.39119227474,0.315432820135,1,0.951826474631605,NA,NA,0.0489936041575993,NA,NA,0.0489936041575993,0.463515160256668,0.0502057554116277,0,14607.5050008041,0.0001230920555,65481090.2533626,1e-04,1,0.0483970642089844,62.3384611606598,"3_121_3",3,121,3,1083,FALSE,TRUE,41,0.0828360639778187,6,FALSE
"38",2.97742941375,0.48775299312,0.29226582615,2.31572409825,0.95017612828,0.38415339175,0.5404461856,0.92785548546,0.39073848082,2.615070689,0.47363117016,0.17478613546,2.38684294175,0.5315936882,0.16635063177,1.174300336,0.318362655332,0.316376484375,1,0.951989637567765,NA,NA,0.0489105635188926,NA,NA,0.0489105635188926,0.447795383531039,0.051035856435798,0,14361.6620149398,0.0001193372681,65481090.2533626,1e-04,1,0.0463471412658691,63.6200621128082,"3_123_7",3,123,7,1105,FALSE,TRUE,21,0.0784528483241745,6,FALSE
"39",2.328171217,0.49673409273,0.20857783644,2.879395195,0.82881724973,0.2405017618,0.553691007875,0.95096426213,0.36579356278,1.86894998525,0.5311513274,0.13700010982,2.92451999375,0.67044743918,0.1082746986,1.19420838025,0.46396776473,0.310792323255,1,0.951759194254384,NA,NA,0.0490278050804079,NA,NA,0.0490278050804079,0.449400310428802,0.0491282457530569,0,8325.8564337192,2.715173486e-05,65481090.2533626,1e-04,1,0.047111988067627,64.6626842021942,"3_125_7",3,125,7,1123,FALSE,TRUE,53,0.0788776685179897,6,FALSE
"40",2.855419645,0.54441419772,0.29226582615,2.31572409825,0.95017612828,0.38415339175,0.5404461856,0.92785548546,0.39073848082,2.615070689,0.53385995367,0.16738923118,2.212534041,0.48655582428,0.12324620631,1.0468332885,0.328251156402,0.305346162965,1,0.951909433067975,NA,NA,0.0489514006434801,NA,NA,0.0489514006434801,0.472787927548924,0.0515383549079507,0,15348.6438710884,0.0001344115523,65481090.2533626,1e-04,1,0.0452241897583008,67.0928461551666,"3_130_4",3,130,4,1165,FALSE,TRUE,29,0.0854511982625994,6,FALSE
"41",2.328171217,0.49673409273,0.20857783644,2.879395195,0.82881724973,0.2405017618,0.553691007875,0.95096426213,0.36579356278,1.86894998525,0.5311513274,0.13700010982,2.92451999375,0.67044743918,0.16714800186,1.2008086595,0.46396776473,0.310792323255,1,0.951755583238981,NA,NA,0.0490296400087811,NA,NA,0.0490296400087811,0.44764493937881,0.049111845973582,0,8325.8564337192,2.715173486e-05,65481090.2533626,1e-04,1,0.0455160140991211,68.1066980361938,"3_132_4",3,132,4,1183,FALSE,TRUE,53,0.0783865756634494,6,FALSE
"42",2.855419645,0.54441419772,0.19419167019,2.2801255455,0.70610591749,0.32748401491,0.58010918385,0.64749684137,0.35311870315,2.615070689,0.53385995367,0.16738923118,2.212534041,0.48655582428,0.12324620631,1.0468332885,0.328251156402,0.305346162965,1,0.951694254699737,NA,NA,0.0490607934707611,NA,NA,0.0490607934707611,0.509133547062368,0.0513796328770343,0,15348.6438710884,0.0001344115523,65481090.2533626,1e-04,1,0.046734094619751,68.7964379787445,"3_133_7",3,133,7,1195,FALSE,TRUE,70,0.0956118959067961,7,FALSE
"43",1.6520132785,0.5788474773,0.14894476251,2.31572409825,0.95017612828,0.38415339175,0.5404461856,0.92785548546,0.39073848082,2.615070689,0.53385995367,0.16738923118,2.212534041,0.48655582428,0.12324620631,1.0468332885,0.328251156402,0.305346162965,1,0.951913015111928,NA,NA,0.0489495775277928,NA,NA,0.0489495775277928,0.472925690499549,0.0515237490832564,0,15348.6438710884,0.0001344115523,65481090.2533626,1e-04,1,0.0482461452484131,77.6288809776306,"3_150_4",3,150,4,1345,FALSE,TRUE,28,0.0854894132261688,7,FALSE
"44",1.151294365,0.62835539219,0.006392049045,2.5383953535,0.92725442045,0.36417925759,0.58935439845,0.39224167498,0.32428467586,2.883853469,0.57788947963,0.23789931667,2.99449169075,0.62226480111,0.18998473446,1.56208094425,0.327704703411,0.35107606335,1,0.951794674869483,NA,NA,0.0490097720415228,NA,NA,0.0490097720415228,0.453445272651238,0.0490515004434472,0,7265.24067589892,1.095283185e-05,65481090.2533626,1e-04,1,0.0510411262512207,84.6570010185242,"3_163_5",3,163,5,1463,FALSE,TRUE,46,0.0800084618871853,8,FALSE
"45",2.34633456775,0.53962591772,0.19953719382,1.6960161495,0.7290267744,0.27978449716,0.538414096,0.88653017521,0.3603091327,2.9928922765,0.50800607065,0.17155872448,2.29501654725,0.51279419406,0.1197464505,1.243685198,0.360923213267,0.309171082565,1,0.951789547446475,NA,NA,0.0490123784667483,NA,NA,0.0490123784667483,0.445346234116833,0.0499103218091172,0,13844.8470972648,0.0001114438961,65481090.2533626,1e-04,1,0.0491790771484375,85.9216940402985,"3_165_9",3,165,9,1485,FALSE,TRUE,51,0.0777510207020999,7,FALSE
"46",2.8522698505,0.310779999412,0.28182372972,1.90602144,0.88781865261,0.35838824011,0.502430831672,0.94040701718,0.38743822417,1.75565620925,0.68855397924,0.14041585906,2.14839564125,0.76323965212,0.027128191206,1.25939876625,0.42440739059,0.30324294185,1,0.951883232894788,NA,NA,0.0489647334093408,NA,NA,0.0489647334093408,0.401974315442566,0.0492945690679917,0,10484.7893666492,6.012535884e-05,65481090.2533626,1e-04,1,0.0462689399719238,88.7899951934814,"3_171_4",3,171,4,1534,FALSE,TRUE,30,0.0656133849842016,6,FALSE
"47",2.8522698505,0.310779999412,0.28182372972,1.90602144,0.88781865261,0.35838824011,0.5054164802525,0.8753751563,0.38778259993,1.898628809,0.88680378386,0.13688604739,1.990129827,0.49424643252,0.007966356783,1.25939876625,0.42440739059,0.30324294185,1,0.952014172840592,NA,NA,0.0488980642654485,NA,NA,0.0488980642654485,0.409938130216241,0.0491954279378425,0,10484.7893666492,6.012535884e-05,65481090.2533626,1e-04,1,0.0575001239776611,90.5363941192627,"3_174_7",3,174,7,1564,FALSE,TRUE,16,0.0678396331294304,6,TRUE
"48",2.867006017,0.337014404287,0.20290082223,2.946438099,0.69507797994,0.3658266175,0.562217636925,0.65470065526,0.39060080911,2.58386702025,0.322781655358,0.1051366861,2.621375412,0.6020759329,0.11802727386,1.0615218765,0.38723607431,0.30300589461,1,0.951726841406115,NA,NA,0.0490442426508184,NA,NA,0.0490442426508184,0.445650324817148,0.0508397644931916,0,10739.0628774762,6.400890659e-05,65481090.2533626,1e-04,1,0.0452911853790283,92.0025370121002,"3_177_5",3,177,5,1589,FALSE,TRUE,62,0.0778501593737188,6,FALSE
"49",2.09792065725,0.362365945866,0.18682832463,2.795011288,0.73705349317,0.37893636697,0.5489511186,0.82572502381,0.37680414319,2.23393952325,0.90181895298,0.14447850325,2.30323544375,0.71414631412,0.16157335902,1.39688450525,0.37328956439,0.312394107755,1,0.952238697240804,NA,NA,0.0487835337704887,NA,NA,0.0487835337704887,0.521873818131694,0.0490064233456351,0,8358.12251004663,2.764453825e-05,65481090.2533626,1e-04,1,0.0470960140228271,100.681086063385,"3_194_2",3,194,2,1739,TRUE,TRUE,4,0.0991480482900215,3,FALSE
"50",2.8522698505,0.310779999412,0.28182372972,1.90602144,0.85279880726,0.37736267605,0.502430831672,0.94040701718,0.38743822417,1.75565620925,0.68855397924,0.14041585906,2.14839564125,0.76323965212,0.027128191206,1.25939876625,0.42440739059,0.30324294185,1,0.951873763303765,NA,NA,0.0489695514095585,NA,NA,0.0489695514095585,0.401002720599884,0.0493241910989324,0,10484.7893666492,6.012535884e-05,65481090.2533626,1e-04,1,0.0472140312194824,100.949740171432,"3_194_7",3,194,7,1744,FALSE,TRUE,32,0.0653419503583128,6,FALSE
"51",2.09792065725,0.362365945866,0.18682832463,2.795011288,0.73705349317,0.37893636697,0.5489511186,0.82572502381,0.36249537811,2.31591172325,0.75036918871,0.16465703005,2.35680279425,0.70076224356,0.23805280713,1.397435242,0.38928362023,0.312394107755,1,0.952125036325174,NA,NA,0.0488415460721775,NA,NA,0.0488415460721775,0.433714732552816,0.0489906725314657,0,8358.12251004663,2.764453825e-05,65481090.2533626,1e-04,1,0.0454580783843994,102.379823207855,"3_197_5",3,197,5,1769,FALSE,TRUE,6,0.0744884760855524,3,FALSE
"52",2.09792065725,0.362365945866,0.18682832463,2.795011288,0.73705349317,0.37893636697,0.5489511186,0.82572502381,0.37680414319,2.23393952325,0.93827612513,0.13206374608,2.38106013775,0.61993201394,0.06385090176,1.39688450525,0.37328956439,0.312394107755,1,0.952250108516644,NA,NA,0.0487777056671581,NA,NA,0.0487777056671581,0.433198679248889,0.0489733551303271,0,8358.12251004663,2.764453825e-05,65481090.2533626,1e-04,1,0.0461959838867188,104.098303079605,"3_200_8",3,200,8,1799,FALSE,TRUE,2,0.0743439341191768,3,TRUE
"53",0.92618331125,0.59805201566,0.170621088,2.744164093,0.91692301797,0.31883615338,0.575563314925,0.53878623125,0.36359734117,2.498756784,0.52610142401,0.105138316504,2.364646977,0.57946769172,0.23250378531,1.89302251425,0.308104169801,0.33749977899,1,0.952118751550624,NA,NA,0.0488447517981867,NA,NA,0.0488447517981867,0.390621074334047,0.0493684549041661,0,12930.4701867873,9.747851535e-05,65481090.2533626,1e-04,1,0.0463881492614746,104.800919055939,"3_202_2",3,202,2,1811,FALSE,TRUE,8,0.0624381393320986,8,FALSE
"54",2.8522698505,0.320589760926,0.27161246463,2.261917886,0.95462855752,0.33223854583,0.545669278325,0.94370871796,0.36414874168,1.6829689235,0.61829199024,0.14041585906,2.14839564125,0.76323965212,0.027128191206,1.25939876625,0.42440739059,0.30324294185,1,0.951849329693043,NA,NA,0.0489819807122779,NA,NA,0.0489819807122779,0.43585935225053,0.0493044171586907,0,10484.7893666492,6.012535884e-05,65481090.2533626,1e-04,1,0.0464491844177246,106.175384998322,"3_204_7",3,204,7,1834,FALSE,TRUE,36,0.0750912323624667,6,FALSE
"55",0.92618331125,0.59805201566,0.170621088,2.73318669675,0.86982656367,0.29986171747,0.575563314925,0.53878623125,0.36359734117,2.498756784,0.52610142401,0.105138316504,2.364646977,0.57946769172,0.23250378531,1.89302251425,0.308104169801,0.33749977899,1,0.952121978574944,NA,NA,0.0488431057899582,NA,NA,0.0488431057899582,0.391739315291566,0.0493687559182422,0,12930.4701867873,9.747851535e-05,65481090.2533626,1e-04,1,0.0453150272369385,106.590182065964,"3_205_5",3,205,5,1841,FALSE,TRUE,8,0.0627509026764116,8,TRUE
"56",1.02499799075,0.51176542058,0.06289316097,1.37859053025,0.93310197412,0.26565223408,0.539457671275,0.74333624874,0.39321789565,2.44303277425,0.75776568355,0.15699891268,2.9598915545,0.6931902506,0.18488822646,1.24123451775,0.37102062828,0.310074519865,1,0.951889201136263,NA,NA,0.0489616966049915,NA,NA,0.0489616966049915,0.436561282045377,0.0490310429994969,0,8029.65663375032,2.262784221e-05,65481090.2533626,1e-04,1,0.0484809875488281,107.912644147873,"3_207_9",3,207,9,1863,FALSE,TRUE,29,0.0752854068347459,7,FALSE
"57",0.92618331125,0.59805201566,0.170621088,2.744164093,0.91692301797,0.31883615338,0.575563314925,0.53878623125,0.36359734117,2.498756784,0.5213129093,0.105138316504,2.364646977,0.57946769172,0.23250378531,1.89302251425,0.308104169801,0.33749977899,1,0.952113428527699,NA,NA,0.0488474667911767,NA,NA,0.0488474667911767,0.390293495496139,0.0493721018411435,0,12930.4701867873,9.747851535e-05,65481090.2533626,1e-04,1,0.0458700656890869,108.375898122787,"3_208_8",3,208,8,1871,FALSE,TRUE,10,0.0623465640663229,8,FALSE
"58",2.274045904,0.46875843607,0.25762546779,2.97131730875,0.82482296027,0.27488409121,0.51409909545,0.82470926186,0.37887872854,1.76913611125,0.48052600664,0.11547411514,2.8011187425,0.37556778362,0.16843087845,1.33678528725,0.309002829325,0.321324706155,1,0.951959447133605,NA,NA,0.0489259393566047,NA,NA,0.0489259393566047,0.424285440470876,0.0506728409568028,0,16761.2587809058,0.0001559865777,65481090.2533626,1e-04,1,0.0464270114898682,108.638013124466,"3_209_3",3,209,3,1875,FALSE,TRUE,21,0.071872153450099,6,FALSE
"59",2.09792065725,0.362365945866,0.18682832463,2.795011288,0.73705349317,0.37893636697,0.5489511186,0.82572502381,0.37680414319,2.23393952325,0.93827612513,0.19454443861,2.5512719465,0.63876011365,0.10329711786,1.14071825675,0.42362273119,0.30954609954,1,0.952013377105866,NA,NA,0.0488984696948096,NA,NA,0.0488984696948096,0.467022012669045,0.0496310314144921,0,8658.7463829245,3.223600026e-05,65481090.2533626,1e-04,1,0.0580720901489258,109.453052043915,"3_210_8",3,210,8,1889,FALSE,TRUE,17,0.0838100122429894,3,FALSE
"60",0.92618331125,0.59805201566,0.170621088,2.744164093,0.91692301797,0.31883615338,0.575563314925,0.53878623125,0.36359734117,2.498756784,0.52610142401,0.105138316504,2.364646977,0.57946769172,0.16978676004,1.89302251425,0.308104169801,0.33749977899,1,0.952118604780601,NA,NA,0.0488448266598501,NA,NA,0.0488448266598501,0.390485133104144,0.0493618822698442,0,12930.4701867873,9.747851535e-05,65481090.2533626,1e-04,1,0.0470149517059326,110.160205125809,"3_212_2",3,212,2,1901,FALSE,TRUE,8,0.0624000481075831,8,FALSE
"61",1.02499799075,0.51176542058,0.06289316097,1.37859053025,0.93310197412,0.26565223408,0.539457671275,0.74333624874,0.39321789565,2.44303277425,0.75776568355,0.15699891268,2.9598915545,0.6931902506,0.18488822646,1.1165814105,0.37336988183,0.310074519865,1,0.951800836711914,NA,NA,0.0490066396060177,NA,NA,0.0490066396060177,0.458926831684904,0.0497026262660122,0,8029.65663375032,2.262784221e-05,65481090.2533626,1e-04,1,0.052401065826416,111.425737142563,"3_214_6",3,214,6,1923,FALSE,TRUE,46,0.0815470221349458,7,FALSE
"62",0.92618331125,0.59805201566,0.170621088,2.744164093,0.91692301797,0.31883615338,0.575563314925,0.53878623125,0.36359734117,2.498756784,0.52610142401,0.105138316504,2.93322264575,0.57946769172,0.23250378531,1.89302251425,0.308104169801,0.33749977899,1,0.952122030942587,NA,NA,0.0488430790783382,NA,NA,0.0488430790783382,0.387959594203523,0.0493961803170819,0,12930.4701867873,9.747851535e-05,65481090.2533626,1e-04,1,0.0462069511413574,111.894613027573,"3_215_5",3,215,5,1931,FALSE,TRUE,7,0.0616940386880057,8,FALSE
"63",1.94890200825,0.5676762221,0.13719738285,2.5059069855,0.46831839612,0.31411687999,0.650970996375,0.68019080932,0.37680414319,2.23393952325,0.93827612513,0.13206374608,2.38106013775,0.61993201394,0.06385090176,1.39688450525,0.3061867704766,0.304488855612,1,0.95211779247715,NA,NA,0.0488452409820815,NA,NA,0.0488452409820815,0.491355567891102,0.0487330992599711,0,7479.20333917679,1.422070752e-05,65481090.2533626,1e-04,1,0.0478520393371582,112.946354150772,"3_217_5",3,217,5,1949,FALSE,TRUE,9,0.0906103634149029,3,FALSE
"64",0.80207223075,0.78442476481,0.0395864241,1.600749605,0.89191357897,0.33929690278,0.554989245,0.74333624874,0.39321789565,2.44303277425,0.75776568355,0.15699891268,2.9598915545,0.6931902506,0.18488822646,1.24123451775,0.37102062828,0.310074519865,1,0.952005727822244,NA,NA,0.0489023668575619,NA,NA,0.0489023668575619,0.440262084986602,0.0491111574703712,0,8029.65663375032,2.262784221e-05,65481090.2533626,1e-04,1,0.0462830066680908,113.164615154266,"3_217_9",3,217,9,1953,FALSE,TRUE,19,0.0763208369725146,7,TRUE
"65",2.77321810675,0.37980927549,0.28694584746,1.88735610675,0.67081752771,0.35838824011,0.502430831672,0.94040701718,0.38743822417,1.75565620925,0.68855397924,0.14041585906,2.14839564125,0.76323965212,0.027128191206,1.25939876625,0.42440739059,0.30324294185,1,0.951721045059495,NA,NA,0.049047187029282,NA,NA,0.049047187029282,0.400913818749947,0.0493331622721278,0,10484.7893666492,6.012535884e-05,65481090.2533626,1e-04,1,0.0550441741943359,113.25629901886,"3_218_1",3,218,1,1954,FALSE,TRUE,65,0.0653177629673002,6,FALSE
"66",0.920334106,0.56948243063,0.28569840957,2.784625821,0.91692301797,0.31883615338,0.575563314925,0.53878623125,0.36359734117,2.498756784,0.52610142401,0.105138316504,2.93322264575,0.57946769172,0.23250378531,1.89302251425,0.308104169801,0.33749977899,1,0.952091177153003,NA,NA,0.0488588144092844,NA,NA,0.0488588144092844,0.392923316623698,0.0494760479826722,0,12930.4701867873,9.747851535e-05,65481090.2533626,1e-04,1,0.0454480648040771,113.639647006989,"3_218_8",3,218,8,1961,FALSE,TRUE,11,0.0630832776893862,8,FALSE
"67",1.2878901665,0.354243867678,0.28295115177,2.23374813275,0.82259561193,0.39488972491,0.5191446584675,0.82572502381,0.37680414319,2.23393952325,0.93827612513,0.13206374608,2.38106013775,0.61993201394,0.06385090176,1.86742874575,0.335525421792,0.3324586657,1,0.951723668394309,NA,NA,0.0490458544720496,NA,NA,0.0490458544720496,0.366553833547335,0.0494806868596629,0,12625.9445163639,9.282746075e-05,65481090.2533626,1e-04,1,0.0553269386291504,114.688585042953,"3_220_8",3,220,8,1979,FALSE,TRUE,62,0.055709516622452,3,FALSE
"68",2.36203097525,0.46785333789,0.20532375027,2.113031064,0.71977618025,0.28134934426,0.51955369228,0.83407439932,0.38669819389,2.498756784,0.52610142401,0.105138316504,2.93322264575,0.57946769172,0.23250378531,1.89302251425,0.308104169801,0.33749977899,1,0.951943844407983,NA,NA,0.0489338838533802,NA,NA,0.0489338838533802,0.356960065609954,0.0495180287804107,0,12930.4701867873,9.747851535e-05,65481090.2533626,1e-04,1,0.045889139175415,115.382719039917,"3_222_2",3,222,2,1991,FALSE,TRUE,23,0.0530259843392987,2,TRUE
"69",2.187777154,0.58818746985,0.17008353675,2.41259291375,0.8808230162,0.29586020515,0.525400301875,0.86810805891,0.35619091993,2.954980189,0.56596717637,0.1864772806,2.52616131025,0.43326196765,0.17326696356,1.4083657735,0.338509297946,0.334769881265,1,0.95194302964856,NA,NA,0.0489342986719763,NA,NA,0.0489342986719763,0.437513209085351,0.0499301810772996,0,13947.5370156015,0.0001130122907,65481090.2533626,1e-04,1,0.0467967987060547,116.123461008072,"3_223_6",3,223,6,2004,FALSE,TRUE,24,0.0755600796032857,7,FALSE
"70",1.7374889855,0.59769981052,0.22174662462,2.6216931215,0.57545336217,0.37474678582,0.600195759175,0.67899288952,0.31780599334,2.0186492115,0.83398224124,0.21923128393,2.15938562625,0.64133578556,0.21312483906,1.47983887575,0.307466067329,0.340501371525,1,0.951766182791265,NA,NA,0.0490242536779315,NA,NA,0.0490242536779315,0.496273586017623,0.0492232008094719,0,8433.57821138991,2.879698161e-05,65481090.2533626,1e-04,1,0.12539005279541,68.3011121749878,"4_134_7",4,134,7,1204,FALSE,TRUE,53,0.0919892137314869,2,FALSE
"71",1.37075940225,0.53362584805,0.14420138157,2.9730094055,0.80633717505,0.39599117947,0.581565173075,0.78005244455,0.33273923392,2.38923274775,0.63647877662,0.13288612021,2.3004647505,0.357956731,0.17108026062,0.9663723495,0.39474404835,0.30610442704,1,0.951940004857262,NA,NA,0.0489358386536968,NA,NA,0.0489358386536968,0.53418931130768,0.0509193479491393,0,10074.5597535892,5.385987611e-05,65481090.2533626,1e-04,1,0.0481619834899902,75.5396883487701,"4_146_1",4,146,1,1306,FALSE,TRUE,25,0.102611067698002,7,FALSE
"72",1.6886459805,0.4868532302,0.16819204701,2.65924406875,0.87083528691,0.38841297466,0.578853192,0.61914110641,0.28517796019,2.45299588925,0.94040380936,0.17009082343,2.055878064,0.308564192259,0.29914961187,1.56107380175,0.333833052533,0.307024558985,1,0.951921256409899,NA,NA,0.0489453827821595,NA,NA,0.0489453827821595,0.591174144786925,0.0494889556507662,0,14276.1683630892,0.000118031514,65481090.2533626,1e-04,1,0.04681396484375,76.6558332443237,"4_148_2",4,148,2,1325,TRUE,TRUE,27,0.118535461685355,8,FALSE
"73",1.6886459805,0.44583074779,0.12470474286,2.43114751225,0.90944384718,0.37699519984,0.5686513284,0.60908268916,0.28517796019,2.45299588925,0.94040380936,0.17009082343,2.055878064,0.308564192259,0.29914961187,1.56107380175,0.333833052533,0.307024558985,1,0.951890527453465,NA,NA,0.0489610217129764,NA,NA,0.0489610217129764,0.586237994646201,0.0494489116938388,0,14276.1683630892,0.000118031514,65481090.2533626,1e-04,1,0.0476441383361816,78.4025473594666,"4_151_5",4,151,5,1355,TRUE,TRUE,30,0.117154558692027,8,FALSE
"74",1.6886459805,0.44583074779,0.12470474286,2.43114751225,0.90944384718,0.37699519984,0.5686513284,0.60908268916,0.26084600506,2.66982560225,0.8960650815,0.15795982579,1.69328684875,0.308564192259,0.29914961187,1.56107380175,0.333833052533,0.307024558985,1,0.951824773583019,NA,NA,0.0489944691530999,NA,NA,0.0489944691530999,0.608085524242523,0.0494416286337412,0,14276.1683630892,0.000118031514,65481090.2533626,1e-04,1,0.0450539588928223,83.7066493034363,"4_161_5",4,161,5,1445,TRUE,TRUE,43,0.123265717721679,8,FALSE
"75",1.6886459805,0.44583074779,0.12470474286,2.43114751225,0.90944384718,0.37699519984,0.5686513284,0.60908268916,0.26084600506,2.483549671,0.82043013932,0.13295058466,1.9719917235,0.335833654486,0.28304682306,1.6922689295,0.333833052533,0.307024558985,1,0.951856390785826,NA,NA,0.0489783890801242,NA,NA,0.0489783890801242,0.57973429567792,0.0492981641053505,0,14276.1683630892,0.000118031514,65481090.2533626,1e-04,1,0.0535910129547119,87.2374491691589,"4_168_2",4,168,2,1505,TRUE,TRUE,35,0.115334575085843,8,FALSE
"76",1.6886459805,0.44583074779,0.12470474286,2.43114751225,0.90944384718,0.33811374664,0.549469479725,0.307549726884,0.26132704528,2.483549671,0.82043013932,0.13295058466,1.9719917235,0.335833654486,0.28304682306,1.6922689295,0.333833052533,0.307024558985,1,0.951813923054464,NA,NA,0.0489999863659444,NA,NA,0.0489999863659444,0.560828955165038,0.0492877879133343,0,14276.1683630892,0.000118031514,65481090.2533626,1e-04,1,0.0506711006164551,88.949253320694,"4_171_5",4,171,5,1535,TRUE,TRUE,43,0.110046486555175,8,FALSE
"77",1.6886459805,0.44583074779,0.10518790686,2.55155919375,0.98822508643,0.38360976361,0.58145281925,0.58519209908,0.26781887338,2.3281534995,0.90324577383,0.15265243318,1.9719917235,0.335833654486,0.28304682306,1.6922689295,0.333833052533,0.307024558985,1,0.951833742217858,NA,NA,0.0489899083654443,NA,NA,0.0489899083654443,0.582761678996565,0.049308904701755,0,14276.1683630892,0.000118031514,65481090.2533626,1e-04,1,0.0471549034118652,90.6671762466431,"4_174_8",4,174,8,1565,TRUE,TRUE,38,0.116181485779392,8,FALSE
"78",1.6871300285,0.40355197398,0.12207267981,2.951835389,0.73828783159,0.32542850209,0.52881158645,0.46253819946,0.18157150075,2.84569235625,0.93691945177,0.119179354528,1.52326159175,0.48533489352,0.23203468461,1.6850774255,0.319035622032,0.30532654638,1,0.95175554981856,NA,NA,0.049029656990963,NA,NA,0.049029656990963,0.654455930639537,0.0493315568918121,0,14275.7579948488,0.0001180252464,65481090.2533626,1e-04,1,0.0456030368804932,90.7185151576996,"4_174_9",4,174,9,1566,TRUE,TRUE,54,0.136235865257118,8,FALSE
"79",2.0721989825,0.52439826465,0.13878023235,2.78305345125,0.67994916435,0.36088625047,0.6314650902,0.48335373315,0.29963145172,2.089144322,0.91050208009,0.22308009043,2.15720639,0.54984152067,0.28904186433,1.51878509675,0.359459350223,0.306387678415,1,0.951870772131054,NA,NA,0.0489710731793875,NA,NA,0.0489710731793875,0.58533047595118,0.048438826206508,0,6714.11758219365,2.535467243e-06,65481090.2533626,1e-04,1,0.0579090118408203,91.7724661827087,"4_176_9",4,176,9,1584,TRUE,TRUE,34,0.116896844832155,8,FALSE
"80",1.41284838375,0.58247357047,0.172779576,2.22173192525,0.93293691776,0.37699519984,0.5686513284,0.60908268916,0.26084600506,2.483549671,0.82043013932,0.13295058466,1.9719917235,0.335833654486,0.28304682306,1.6922689295,0.333833052533,0.307024558985,1,0.951809756309911,NA,NA,0.0490021048825957,NA,NA,0.0490021048825957,0.578025028277559,0.049296645216048,0,14276.1683630892,0.000118031514,65481090.2533626,1e-04,1,0.0458729267120361,94.249124288559,"4_181_5",4,181,5,1625,TRUE,TRUE,44,0.114856552246376,8,FALSE
"81",1.6871300285,0.40355197398,0.12207267981,2.951835389,0.73828783159,0.32542850209,0.52881158645,0.46253819946,0.18157150075,2.42430280575,0.76861359377,0.119179354528,1.52326159175,0.48533489352,0.23203468461,1.6850774255,0.319035622032,0.30532654638,1,0.951994930798518,NA,NA,0.0489078672047827,NA,NA,0.0489078672047827,0.632145901255517,0.0491997535336939,0,14275.7579948488,0.0001180252464,65481090.2533626,1e-04,1,0.0459110736846924,94.3007032871246,"4_181_6",4,181,6,1626,TRUE,TRUE,20,0.12999434478593,8,FALSE
"82",2.0721989825,0.52439826465,0.13878023235,2.78305345125,0.67994916435,0.36088625047,0.6314650902,0.48335373315,0.29963145172,2.089144322,0.91050208009,0.22308009043,1.914528901,0.351436169792,0.28269064203,1.53149593375,0.308978137182,0.306387678415,1,0.952247139977296,NA,NA,0.048779221862103,NA,NA,0.048779221862103,0.602839612164932,0.0484517271537308,0,6714.11758219365,2.535467243e-06,65481090.2533626,1e-04,1,0.0468339920043945,95.3313851356506,"4_183_6",4,183,6,1644,TRUE,TRUE,3,0.121794225500011,8,FALSE
"83",1.6871300285,0.40355197398,0.12207267981,2.951835389,0.73828783159,0.32542850209,0.543027235625,0.46253819946,0.18157150075,2.42430280575,0.76861359377,0.119179354528,1.52326159175,0.48533489352,0.23203468461,1.6850774255,0.319035622032,0.30532654638,1,0.951996092928915,NA,NA,0.0489072752083119,NA,NA,0.0489072752083119,0.637672089399037,0.0492066122984713,0,14275.7579948488,0.0001180252464,65481090.2533626,1e-04,1,0.0453081130981445,96.0049903392792,"4_184_9",4,184,9,1656,TRUE,TRUE,20,0.131540156640538,8,FALSE
"84",1.6886459805,0.44583074779,0.20521840827,2.67828797625,0.76283120303,0.38846690422,0.525613840475,0.66718622808,0.33433231024,1.844267964,0.94867406709,0.1404546208,1.6220368775,0.56898282208,0.27664185654,1.62712593075,0.344388026907,0.31694123646,1,0.951877441350611,NA,NA,0.0489676801252254,NA,NA,0.0489676801252254,0.503584610664135,0.0495897391865069,0,15314.5190504242,0.0001338903601,65481090.2533626,1e-04,1,0.0518419742584229,97.9692652225494,"4_188_2",4,188,2,1685,TRUE,TRUE,31,0.0940365654071472,4,FALSE
"85",1.6871300285,0.40355197398,0.12207267981,2.9894508105,0.83361361081,0.27354633145,0.612707634125,0.50850966318,0.18907822081,2.96553956,0.8711569927,0.15234857125,2.0648079405,0.48533489352,0.23203468461,1.6850774255,0.319035622032,0.30532654638,1,0.951824500126224,NA,NA,0.0489946082064317,NA,NA,0.0489946082064317,0.562300340161482,0.0492943316129561,0,14275.7579948488,0.0001180252464,65481090.2533626,1e-04,1,0.0470809936523438,98.0227513313293,"4_188_3",4,188,3,1686,FALSE,TRUE,43,0.110458069083874,8,FALSE
"86",1.2479163395,0.61796170623,0.25529135874,2.78743647075,0.88172296679,0.3245344891,0.52937885485,0.81737458955,0.39204866125,1.36086157875,0.96553565043,0.111442528087,0.9039171045,0.40691870924,0.21152852583,1.30389934725,0.342834466185,0.31068426581,1,0.952284854370101,NA,NA,0.0487599555593792,NA,NA,0.0487599555593792,0.513483539055134,0.0488579976398466,0,6865.3074407748,4.844606851e-06,65481090.2533626,1e-04,1,0.0460491180419922,99.2094352245331,"4_190_6",4,190,6,1707,TRUE,TRUE,1,0.0968004418730251,4,TRUE
"87",1.0181868765,0.71713065079,0.21798769155,2.49845694425,0.96611602855,0.38749526887,0.51736220796,0.90811505006,0.32485172002,1.5080944495,0.94867406709,0.1404546208,1.6220368775,0.56898282208,0.27664185654,1.62712593075,0.344388026907,0.31694123646,1,0.95182730735949,NA,NA,0.0489931807038834,NA,NA,0.0489931807038834,0.509137765101036,0.0489093949490415,0,11252.9119214841,7.185698047e-05,65481090.2533626,1e-04,1,0.054455041885376,99.6826453208923,"4_191_5",4,191,5,1715,TRUE,TRUE,40,0.0955856357103951,4,FALSE
"88",1.6660405435,0.5723933338,0.2444506209,2.5748480945,0.98255417503,0.37037479672,0.574675625875,0.56321859235,0.35989180303,1.80223610875,0.76023125085,0.1408373467,0.95280804675,0.68285478119,0.14385948378,1.533849431,0.37429710036,0.30048584782295,1,0.951950811282959,NA,NA,0.0489303366636027,NA,NA,0.0489303366636027,0.498456038187815,0.048907226300603,0,10847.2739542573,6.566162646e-05,65481090.2533626,1e-04,1,0.0477919578552246,99.7884292602539,"4_191_7",4,191,7,1717,TRUE,TRUE,22,0.0925974838229259,4,FALSE
"89",1.2479163395,0.61796170623,0.25529135874,2.78743647075,0.88172296679,0.3245344891,0.52937885485,0.81737458955,0.38966715433,1.34173686525,0.81672954564,0.104155838581,0.6121898684,0.46761795848,0.29784983037,1.30389934725,0.342834466185,0.31068426581,1,0.95220667117067,NA,NA,0.0487998867902564,NA,NA,0.0487998867902564,0.512790816269966,0.0489219041263451,0,6865.3074407748,4.844606851e-06,65481090.2533626,1e-04,1,0.0456128120422363,100.90901517868,"4_193_9",4,193,9,1737,TRUE,TRUE,4,0.096606970790762,4,FALSE
"90",1.18814512625,0.7151444031,0.26734608003,2.216240473,0.76918766181,0.34259802142,0.6060312926,0.98071850126,0.36683293768,2.6836910805,0.99064120916,0.1408373467,0.95280804675,0.68285478119,0.14385948378,1.533849431,0.37429710036,0.30048584782295,1,0.951728884925917,NA,NA,0.0490432045590025,NA,NA,0.0490432045590025,0.543775317271236,0.0492317631120502,0,10847.2739542573,6.566162646e-05,65481090.2533626,1e-04,1,0.0663888454437256,103.262572288513,"4_198_4",4,198,4,1777,TRUE,TRUE,61,0.1052762253964,4,FALSE
"91",1.2479163395,0.61796170623,0.25019520159,1.82712488375,0.87010279865,0.34366312432,0.589352412275,0.74863095592,0.38422756684,1.361888966,0.86597144303,0.111442528087,0.9039171045,0.40691870924,0.21152852583,1.30389934725,0.342834466185,0.31068426581,1,0.952007428045898,NA,NA,0.0489015006531849,NA,NA,0.0489015006531849,0.542680862300095,0.048867191123272,0,6865.3074407748,4.844606851e-06,65481090.2533626,1e-04,1,0.0476968288421631,104.463447332382,"4_200_6",4,200,6,1797,TRUE,TRUE,18,0.104967767005352,4,FALSE
"92",0.96839310725,0.81421285412,0.25501743924,2.7412438815,0.90280090276,0.36384663541,0.65258796655,0.331234798756,0.29388251509,2.82281411175,0.99956309094,0.106103612524,1.0540629045,0.4216719567,0.19986188838,1.10552749925,0.310968781817,0.301410170151,1,0.951753375772743,NA,NA,0.0490307616933638,NA,NA,0.0490307616933638,0.701681181269756,0.051067442074233,0,12920.7463877164,9.733000268e-05,65481090.2533626,1e-04,1,0.045576810836792,109.116123199463,"4_209_4",4,209,4,1876,TRUE,TRUE,57,0.149458136401477,4,FALSE
"93",1.08838112525,0.82375715441,0.27389887308,2.26022137625,0.58733569795,0.31162136203,0.576556569125,0.89469527467,0.34802066974,2.9846140355,0.5009668437,0.1668415336,2.773440561,0.41204615751,0.18707527014,1.657020012,0.338793255998,0.316275045795,1,0.951874528780844,NA,NA,0.0489691619627537,NA,NA,0.0489691619627537,0.414932630560992,0.0489299088974162,0,10592.5096868566,6.177058333e-05,65481090.2533626,1e-04,1,0.0479528903961182,110.417605161667,"4_211_9",4,211,9,1899,FALSE,TRUE,31,0.069235014486651,2,FALSE
"94",1.85143780725,0.58236118253,0.25501743924,2.7412438815,0.90280090276,0.36384663541,0.6800777446,0.60638628958,0.28158461188,2.6538134665,0.82295838273,0.18109728055,2.12937008425,0.64221262313,0.20129634108,1.43613357725,0.349761236546,0.30539217676,1,0.952136447710251,NA,NA,0.0488357248363649,NA,NA,0.0488357248363649,0.642586976607858,0.0487801696602971,0,7955.443343272,2.149437433e-05,65481090.2533626,1e-04,1,0.0458822250366211,110.833210229874,"4_212_7",4,212,7,1906,TRUE,TRUE,5,0.132913299007375,8,FALSE
"95",2.130269644,0.41192482028,0.10255469028,2.294465087,0.9729258536,0.36943048117,0.5626712975,0.57666937235,0.35408694127,2.2272595765,0.79324680916,0.20364513745,0.9596957815,0.97421326588,0.007525528353,1.533849431,0.37429710036,0.30048584782295,1,0.951797685044193,NA,NA,0.0490082418134922,NA,NA,0.0490082418134922,0.505242845813641,0.0491567783009421,0,11894.2946043365,8.165288987e-05,65481090.2533626,1e-04,1,0.107694864273071,112.1659283638,"4_215_1",4,215,1,1927,TRUE,TRUE,48,0.094497532287245,3,FALSE
"96",2.057831711,0.67962127672,0.28771310388,1.770898639,0.90280090276,0.36384663541,0.6800777446,0.60638628958,0.28158461188,2.6538134665,0.82295838273,0.18109728055,2.12937008425,0.64221262313,0.20129634108,1.43613357725,0.349761236546,0.30539217676,1,0.951854566700641,NA,NA,0.0489793169281725,NA,NA,0.0489793169281725,0.53026798065963,0.0487327967244296,0,7955.443343272,2.149437433e-05,65481090.2533626,1e-04,1,0.0616800785064697,112.690801143646,"4_216_1",4,216,1,1936,FALSE,TRUE,35,0.101495403705366,7,FALSE
"97",0.94171595875,0.5723933338,0.2444506209,2.5748480945,0.98255417503,0.37037479672,0.574675625875,0.56321859235,0.35989180303,1.80223610875,0.76023125085,0.1408373467,0.95280804675,0.68285478119,0.14385948378,1.533849431,0.37429710036,0.30048584782295,1,0.951944525882626,NA,NA,0.0489335368913852,NA,NA,0.0489335368913852,0.498265023820478,0.0488298258004394,0,10847.2739542573,6.566162646e-05,65481090.2533626,1e-04,1,0.0459480285644531,113.879766225815,"4_218_4",4,218,4,1957,TRUE,TRUE,22,0.0925437189453366,4,FALSE
"98",1.12103606025,0.72056900942,0.22818181023,2.99229538075,0.70494073837,0.30435161104,0.612823341575,0.59048255579,0.36722925946,2.787304499,0.5009668437,0.1668415336,2.773440561,0.41204615751,0.18707527014,1.657020012,0.338793255998,0.3639412238,1,0.951830295294195,NA,NA,0.0489916612673835,NA,NA,0.0489916612673835,0.424519101616809,0.0494045000321064,0,9460.16964280174,4.447622728e-05,65481090.2533626,1e-04,1,0.0503618717193604,113.998063325882,"4_218_6",4,218,6,1959,FALSE,TRUE,39,0.0719203131570016,2,FALSE
"99",1.78668729475,0.39408948934,0.03266752599,1.265271053,0.64021853929,0.34874271868,0.5095898196525,0.45289871457,0.38981846965,2.3356388115,0.61082327955,0.14935358248,2.32021196475,0.48985240057,0.24519612921,1.65081804825,0.346948853056,0.310471789295,1,0.951647388468005,NA,NA,0.0490845870907333,NA,NA,0.0490845870907333,0.350117311415872,0.0485444002966474,0,7480.08041322727,1.423410317e-05,65481090.2533626,1e-04,1,0.0455589294433594,114.152992248535,"4_218_9",4,218,9,1962,FALSE,TRUE,35,0.0511043369294511,2,FALSE
"100",1.86326812,0.63168681847,0.2444506209,2.5748480945,0.98255417503,0.37037479672,0.574675625875,0.56321859235,0.35989180303,1.80223610875,0.76023125085,0.1408373467,0.95280804675,0.68285478119,0.14385948378,1.533849431,0.37429710036,0.30048584782295,1,0.951937594979868,NA,NA,0.0489370655357709,NA,NA,0.0489370655357709,0.499547083883003,0.0488972562715858,0,10847.2739542573,6.566162646e-05,65481090.2533626,1e-04,1,0.0459568500518799,115.587763309479,"4_221_7",4,221,7,1987,TRUE,TRUE,25,0.0929026481861774,4,FALSE
"101",1.78668729475,0.39408948934,0.03266752599,1.265271053,0.64021853929,0.34874271868,0.5095898196525,0.45289871457,0.38981846965,2.084001398,0.61082327955,0.14935358248,2.32021196475,0.48985240057,0.24519612921,1.65081804825,0.346948853056,0.310471789295,1,0.951606603915746,NA,NA,0.0491052837075416,NA,NA,0.0491052837075416,0.346640675810896,0.0486588413235584,0,7480.08041322727,1.423410317e-05,65481090.2533626,1e-04,1,0.0549540519714355,115.87814116478,"4_222_3",4,222,3,1992,FALSE,TRUE,65,0.0501328179027188,2,FALSE
