"","facebook_S_alphas","facebook_S_gammas","facebook_S_thetas","newsletter_alphas","newsletter_gammas","newsletter_thetas","ooh_S_alphas","ooh_S_gammas","ooh_S_thetas","print_S_alphas","print_S_gammas","print_S_thetas","search_S_alphas","search_S_gammas","search_S_thetas","tv_S_alphas","tv_S_gammas","tv_S_thetas","train_size","rsq_train","rsq_val","rsq_test","nrmse_train","nrmse_val","nrmse_test","nrmse","decomp.rssd","MAPE_train","KL_Divergence","kl_div_obs_as_base","kl_div_obs_as_target","mape","lambda","lambda_hp","lambda_max","lambda_min_ratio","pos","Elapsed","ElapsedAccum","solID","trial","iterNG","iterPar","iterations","coef0","mape.qt10","robynPareto","error_score","cluster","top_sol"
"1",0.724959776475,0.96019649521,0.07999602384,1.50109093375,0.58693610547,0.115310866837,0.592791864625,0.92190797116,0.35632937779,2.370216629,0.64935051011,0.107186919541,2.75689832475,0.3011108219675,0.28282905639,2.47793965775,0.72513581754,0.50721320525,1,0.946404073915171,NA,NA,0.0516774486423414,NA,NA,0.0516774486423414,0.337671240863039,0.053590509103659,0.019619057309133,0.0338495117744149,0.00538860284385116,0,17609.3342745201,0.0001689393295,65481090.2533626,1e-04,1,0.0485479831695557,40.562714099884,"1_85_2",1,85,2,758,FALSE,TRUE,49,0.025896410206889,1,FALSE
"2",0.80466368225,0.95119686534,0.09462085056,1.2124034935,0.46699410371,0.110415769228,0.524377629785,0.928856438,0.38201911975,2.317188118,0.61097173044,0.128292853438,2.382793996,0.329992173778,0.26335400709,2.30298438375,0.7256151711,0.49759285215,1,0.946449703761245,NA,NA,0.0516554457001247,NA,NA,0.0516554457001247,0.320124509690262,0.0534760715077094,0.0350278809335102,0.0628461214039664,0.00720964046305395,0,21881.3161273031,0.0002341857858,65481090.2533626,1e-04,1,0.045680046081543,45.4997761249542,"1_95_1",1,95,1,847,FALSE,TRUE,31,0.0218730605005085,1,FALSE
"3",1.39565186925,0.68524428495,0.15671562369,0.5153047053575,0.89222605925,0.19303285654,0.52932374135,0.93006540688,0.38048115682,2.0469285775,0.6832366678,0.15132796621,1.69248551425,0.349167281289,0.22659718521,2.01200266225,0.75548605445,0.49777682495,1,0.946655117921103,NA,NA,0.0515562776677157,NA,NA,0.0515562776677157,0.337814930472016,0.0533338696067428,0.0199987188145513,0.0252745518726568,0.0147228857564459,0,28598.9620249917,0.0003367851424,65481090.2533626,1e-04,1,0.10054087638855,49.0775210857391,"1_97_9",1,97,9,873,FALSE,TRUE,52,0.0258971473927877,4,FALSE
"4",0.5202081002325,0.98500374404,0.09013407291,2.2303088665,0.53103134201,0.14454354679,0.524377629785,0.928856438,0.38201911975,2.317188118,0.61097173044,0.128292853438,1.7836516195,0.358678730236,0.25970988753,2.592028139,0.78289148215,0.48843423465,1,0.9453647863482,NA,NA,0.052176085983583,NA,NA,0.052176085983583,0.26882753603072,0.0562546007884077,0.0171604671338904,0.02529344606344,0.00902748820434077,0,43435.0593096332,0.0005633785144,65481090.2533626,1e-04,1,0.0746622085571289,49.5239360332489,"1_98_4",1,98,4,877,FALSE,TRUE,5,0.0107788250725983,1,TRUE
"5",0.5202081002325,0.98500374404,0.09013407291,2.2303088665,0.53103134201,0.14454354679,0.524377629785,0.67886639525,0.35815949386,1.49057888125,0.87238806478,0.31554659401,2.82519018225,0.6223741297,0.06780304374,2.492376732,0.7566412515,0.48341219615,1,0.944387267299565,NA,NA,0.0526407771526909,NA,NA,0.0526407771526909,0.318260021394219,0.057342531205395,0.00508278666008171,0.00186968380579966,0.00829588951436375,0,46578.1250407944,0.0006113829086,65481090.2533626,1e-04,1,0.0548050403594971,54.1372330188751,"1_105_1",1,105,1,937,FALSE,TRUE,27,0.0218506780965931,1,FALSE
"6",0.602305388625,0.88672958624,0.07464396513,2.14815748275,0.48770008677,0.14652930382,0.567675172925,0.89290449225,0.36219880483,2.5432124895,0.78196423695,0.24651612382,2.7108257595,0.337257830883,0.10330457733,2.21385024425,0.78479030509,0.4812638487,1,0.945960833984206,NA,NA,0.0518906956924686,NA,NA,0.0518906956924686,0.333529591058918,0.0549787839396083,0.00471226209167365,0.00292688468686997,0.00649763949647734,0,34567.8669015194,0.0004279488937,65481090.2533626,1e-04,1,0.0471529960632324,54.2417960166931,"1_105_3",1,105,3,939,FALSE,TRUE,43,0.0250034726213468,1,FALSE
"7",1.58446837425,0.48779888596,0.16202714163,0.5153047053575,0.89222605925,0.19303285654,0.52932374135,0.93006540688,0.38048115682,2.0469285775,0.6832366678,0.15132796621,1.69248551425,0.349167281289,0.22659718521,2.12884895075,0.84769202362,0.46270850465,1,0.945769499676666,NA,NA,0.0519824781740388,NA,NA,0.0519824781740388,0.317469315826841,0.0548879314166036,0.0474453400317633,0.0775222547665333,0.0173684252969933,0,37619.6994300861,0.000474559873,65481090.2533626,1e-04,1,0.0472400188446045,55.8999049663544,"1_107_9",1,107,9,963,FALSE,TRUE,26,0.0216388818993673,4,FALSE
"8",0.602305388625,0.88672958624,0.07464396513,2.14815748275,0.48770008677,0.14652930382,0.567675172925,0.89290449225,0.36219880483,2.5432124895,0.78196423695,0.24651612382,2.7108257595,0.337257830883,0.10330457733,2.21385024425,0.78479030509,0.43614191515,1,0.94589519713879,NA,NA,0.0519221997683307,NA,NA,0.0519221997683307,0.324992083060306,0.055106140930137,0.00638713522774605,NA,0.00638713522774605,0,34567.8669015194,0.0004279488937,65481090.2533626,1e-04,1,0.0493769645690918,56.2558979988098,"1_108_6",1,108,6,969,FALSE,TRUE,34,0.0230056218902133,1,FALSE
"9",1.58446837425,0.48779888596,0.16202714163,0.5153047053575,0.89222605925,0.19303285654,0.52932374135,0.93006540688,0.38048115682,2.0469285775,0.6832366678,0.15132796621,1.69248551425,0.332141518703,0.26824492353,2.4190776135,0.88588951155,0.46951903765,1,0.945005508317173,NA,NA,0.0523473583499184,NA,NA,0.0523473583499184,0.303031918866606,0.055266501026249,0.0238434562462282,0.0406286089114634,0.00705830358099305,0,31925.4828924031,0.0003875914674,65481090.2533626,1e-04,1,0.0473728179931641,57.6733710765839,"1_111_3",1,111,3,993,FALSE,TRUE,13,0.0181189115717488,4,FALSE
"10",1.58446837425,0.48779888596,0.16202714163,0.5153047053575,0.89222605925,0.19303285654,0.52932374135,0.93006540688,0.38048115682,2.0469285775,0.6832366678,0.15132796621,1.69248551425,0.349167281289,0.22659718521,2.12884895075,0.83575039847,0.46270850465,1,0.945820207655855,NA,NA,0.0519581695020583,NA,NA,0.0519581695020583,0.317694581679077,0.05484905211567,0.0469971180701044,0.0808159228670613,0.0131783132731476,0,37619.6994300861,0.000474559873,65481090.2533626,1e-04,1,0.0479578971862793,59.4389419555664,"1_114_6",1,114,6,1023,FALSE,TRUE,26,0.0216738321717014,4,FALSE
"11",0.602305388625,0.88672958624,0.07464396513,2.14815748275,0.48770008677,0.14652930382,0.567675172925,0.89290449225,0.36219880483,2.5432124895,0.78196423695,0.2163892456,2.0231922065,0.45843175012,0.10330457733,2.21385024425,0.78479030509,0.4812638487,1,0.946068692342786,NA,NA,0.051838884745027,NA,NA,0.051838884745027,0.330112471097484,0.0549082736182471,0.00523184743830934,0.00415137953661393,0.00631231534000474,0,34567.8669015194,0.0004279488937,65481090.2533626,1e-04,1,0.0486550331115723,59.7952010631561,"1_115_3",1,115,3,1029,FALSE,TRUE,38,0.0241793917561532,1,FALSE
"12",1.74124479825,0.42291910253,0.16202714163,0.5153047053575,0.89222605925,0.19303285654,0.52932374135,0.93006540688,0.38048115682,2.0469285775,0.6832366678,0.15132796621,1.69248551425,0.349167281289,0.22659718521,2.034816889,0.85193369945,0.47304376805,1,0.945840556471477,NA,NA,0.0519484113758456,NA,NA,0.0519484113758456,0.326060327655867,0.0552415820480773,0.0603724064267839,0.104426113836102,0.0163186990174662,0,45297.1751859315,0.0005918188183,65481090.2533626,1e-04,1,0.0486471652984619,62.9336619377136,"1_121_3",1,121,3,1083,FALSE,TRUE,36,0.0238929611948841,4,FALSE
"13",0.514497351465,0.88672958624,0.07464396513,2.14815748275,0.48770008677,0.14652930382,0.567675172925,0.89290449225,0.36219880483,2.5432124895,0.78196423695,0.2163892456,2.0231922065,0.45843175012,0.10330457733,2.21385024425,0.88855445971,0.44754915725,1,0.945126586246382,NA,NA,0.0522897016469024,NA,NA,0.0522897016469024,0.316461987024835,0.0568145792164273,0.00891692997094075,0.0105330401031409,0.00730081983874057,0,53567.1428870089,0.0007181269593,65481090.2533626,1e-04,1,0.0482170581817627,63.2658309936523,"1_121_9",1,121,9,1089,FALSE,TRUE,25,0.0212916573617978,1,FALSE
"14",1.29081349475,0.69872990276,0.07440318834,0.798297852,0.51729080149,0.103779530293,0.579590496525,0.8028995272,0.37068263419,2.1732688045,0.67113318053,0.21261989395,2.5815322115,0.3022865385298,0.1048989036,2.635434853,0.82483227335,0.47307849065,1,0.944731928959021,NA,NA,0.0524774021931599,NA,NA,0.0524774021931599,0.33298867861423,0.0552036071299246,0.0217388542699265,0.0371506995616375,0.00632700897821551,0,26794.5525489019,0.0003092261948,65481090.2533626,1e-04,1,0.0470328330993652,73.1170880794525,"1_140_6",1,140,6,1257,FALSE,TRUE,43,0.0250734527356328,1,FALSE
"15",1.29081349475,0.69872990276,0.07440318834,0.798297852,0.51729080149,0.103779530293,0.5039366630225,0.97840202304,0.37534725985,2.1732688045,0.67113318053,0.21261989395,2.5815322115,0.3022865385298,0.1048989036,2.635434853,0.82483227335,0.47307849065,1,0.944711897770747,NA,NA,0.0524869112050891,NA,NA,0.0524869112050891,0.304346775540354,0.0551680717316189,0.0253432534947291,0.0441445745421749,0.00654193244728332,0,26794.5525489019,0.0003092261948,65481090.2533626,1e-04,1,0.0492789745330811,74.8352251052856,"1_143_9",1,143,9,1287,FALSE,TRUE,14,0.0184601325795269,1,FALSE
"16",2.46966886275,0.38566274969,0.17703867459,1.3836742405,0.71009733177,0.18218294455,0.514623427045,0.82099569067,0.33240772984,2.8850734075,0.808649512,0.35987729842,2.709763983,0.60579335969,0.14105090895,1.8709080285,0.68507861819,0.38519604285,1,0.947395964050806,NA,NA,0.0511970228637274,NA,NA,0.0511970228637274,0.341485998225669,0.0516108717617412,0.00423922393608297,NA,0.00423922393608297,0,7988.49275178368,2.199914164e-05,65481090.2533626,1e-04,1,0.0550839900970459,84.1011481285095,"1_160_7",1,160,7,1438,FALSE,TRUE,49,0.0265795305231211,4,FALSE
"17",2.46966886275,0.38566274969,0.17703867459,1.3836742405,0.71009733177,0.18218294455,0.514623427045,0.8169134789,0.3744059581,2.519174475,0.84066651576,0.26663577673,2.81619988075,0.48293456475,0.2878887078,1.8709080285,0.68507861819,0.38519604285,1,0.947947079864809,NA,NA,0.0509281292391532,NA,NA,0.0509281292391532,0.322806576513444,0.0514817974968457,0.00384205660752727,NA,0.00384205660752727,0,7988.49275178368,2.199914164e-05,65481090.2533626,1e-04,1,0.0513598918914795,86.0253269672394,"1_164_1",1,164,1,1468,FALSE,TRUE,32,0.022047587395412,4,FALSE
"18",2.76245483025,0.49999871591,0.16892035095,1.1229594635,0.71138562101,0.18067797319,0.514623427045,0.8169134789,0.3744059581,2.519174475,0.84066651576,0.26663577673,2.81619988075,0.48293456475,0.28220312328,1.72962170475,0.73052568881,0.31399237936,1,0.948038682890646,NA,NA,0.0508832977005683,NA,NA,0.0508832977005683,0.314908281804303,0.0512061428704558,0.00431460603686198,NA,0.00431460603686198,0,8386.84061980181,2.808315315e-05,65481090.2533626,1e-04,1,0.0478141307830811,89.6289670467377,"1_170_7",1,170,7,1528,FALSE,TRUE,22,0.0201329496250685,4,FALSE
"19",2.46966886275,0.38566274969,0.17703867459,1.3836742405,0.71009733177,0.18218294455,0.514623427045,0.8169134789,0.3744059581,2.519174475,0.84066651576,0.26663577673,2.81619988075,0.48293456475,0.2878887078,1.8709080285,0.68507861819,0.38519604285,1,0.947903787755134,NA,NA,0.0509493031513411,NA,NA,0.0509493031513411,0.322795937390801,0.0517417531412344,0.00419462701142171,NA,0.00419462701142171,0,10135.5794700869,5.479183706e-05,65481090.2533626,1e-04,1,0.0481228828430176,93.540097951889,"1_177_4",1,177,4,1588,FALSE,TRUE,32,0.0220618489067374,NA,NA
"20",2.43652505725,0.50389733539,0.17703867459,1.3836742405,0.71009733177,0.18218294455,0.514623427045,0.8169134789,0.3744059581,2.519174475,0.84066651576,0.26663577673,2.81619988075,0.48293456475,0.2878887078,2.00274843175,0.84440129226,0.327011949345,1,0.946412493196206,NA,NA,0.0516733895273752,NA,NA,0.0516733895273752,0.277507579548108,0.0530411100100426,0.002898428577584,0.000787997496095372,0.00500885965907263,0,10197.2987938528,5.573448319e-05,65481090.2533626,1e-04,1,0.0505979061126709,95.3202350139618,"1_180_7",1,180,7,1618,FALSE,TRUE,6,0.0117139158541381,4,TRUE
"21",2.46966886275,0.38566274969,0.17703867459,1.3836742405,0.71009733177,0.18218294455,0.514623427045,0.8169134789,0.3744059581,2.519174475,0.84066651576,0.26663577673,2.9230626425,0.48293456475,0.2878887078,1.8709080285,0.68507861819,0.38519604285,1,0.947978299383162,NA,NA,0.0509128544944105,NA,NA,0.0509128544944105,0.322513839030497,0.0513869612960927,0.00382123236023933,NA,0.00382123236023933,0,7988.49275178368,2.199914164e-05,65481090.2533626,1e-04,1,0.0488691329956055,98.9923939704895,"1_187_4",1,187,4,1678,FALSE,TRUE,31,0.0219704555515349,4,FALSE
"22",2.46966886275,0.38566274969,0.17703867459,1.3836742405,0.71009733177,0.18218294455,0.5417050227,0.77647004314,0.37810369309,2.594934453,0.8357289112,0.3023552884,2.7502862855,0.57976567808,0.28012487259,2.59235511075,0.90148988732,0.331693083915,1,0.944067544807932,NA,NA,0.0527918785190707,NA,NA,0.0527918785190707,0.272584836981392,0.0554495042798749,0.00472616119355654,0.0024144065672953,0.00703791581981777,0,12354.2049682234,8.867715226e-05,65481090.2533626,1e-04,1,0.0502450466156006,100.796257019043,"1_190_7",1,190,7,1708,FALSE,TRUE,6,0.011537999289796,4,FALSE
"23",2.46966886275,0.38566274969,0.17703867459,1.3836742405,0.56645180163,0.18218294455,0.514623427045,0.8169134789,0.3744059581,2.519174475,0.84066651576,0.26663577673,2.9230626425,0.48293456475,0.2878887078,1.8709080285,0.68507861819,0.38519604285,1,0.947918908153434,NA,NA,0.0509419088550003,NA,NA,0.0509419088550003,0.326484727829712,0.0513210975679623,0.00376314463235977,NA,0.00376314463235977,0,7988.49275178368,2.199914164e-05,65481090.2533626,1e-04,1,0.050044059753418,102.626233100891,"1_194_1",1,194,1,1738,FALSE,TRUE,34,0.0229251696088419,4,FALSE
"24",2.46966886275,0.38566274969,0.17703867459,1.3836742405,0.71009733177,0.18218294455,0.514623427045,0.8169134789,0.3744059581,2.09609152325,0.90970279951,0.26663577673,2.9230626425,0.48293456475,0.2878887078,1.8709080285,0.68507861819,0.38519604285,1,0.947919364040548,NA,NA,0.0509416858968224,NA,NA,0.0509416858968224,0.325792066481063,0.0514924764030246,0.00358144192365713,NA,0.00358144192365713,0,7988.49275178368,2.199914164e-05,65481090.2533626,1e-04,1,0.0511980056762695,104.459352970123,"1_197_4",1,197,4,1768,FALSE,TRUE,33,0.0227666731254596,4,FALSE
"25",2.15610133125,0.311465160637,0.21535967397,1.45709273175,0.64912084788,0.38415515722,0.510294015395,0.55975147926,0.34194827851,2.9146628925,0.71886378933,0.23165434408,2.30773041225,0.352550581846,0.23360557173,2.16260451475,0.78037518053,0.36054847905,1,0.946497416390144,NA,NA,0.0516324284012982,NA,NA,0.0516324284012982,0.282116444892425,0.0531893232453734,0.0055917965402115,NA,0.0055917965402115,0,10630.3948669603,6.234920792e-05,65481090.2533626,1e-04,1,0.0486488342285156,109.492794036865,"1_206_4",1,206,4,1849,FALSE,TRUE,8,0.0127627354513681,3,FALSE
"26",2.15610133125,0.311465160637,0.21535967397,1.45709273175,0.74850754333,0.38415515722,0.510294015395,0.55975147926,0.34194827851,2.9146628925,0.71886378933,0.23165434408,2.30773041225,0.352550581846,0.23360557173,2.16260451475,0.78037518053,0.36054847905,1,0.946540768468098,NA,NA,0.0516115057979299,NA,NA,0.0516115057979299,0.279179343198658,0.0532293717650096,0.00589440647752668,NA,0.00589440647752668,0,10630.3948669603,6.234920792e-05,65481090.2533626,1e-04,1,0.0589621067047119,111.344728946686,"1_209_7",1,209,7,1879,FALSE,TRUE,7,0.0120995514247147,3,FALSE
"27",1.72747438675,0.311465160637,0.21535967397,1.45709273175,0.64912084788,0.38415515722,0.510294015395,0.55975147926,0.34194827851,2.9146628925,0.71886378933,0.23165434408,2.98911450725,0.41380696173,0.1893492759,1.9132985265,0.82661739088,0.4056413387,1,0.947340118540713,NA,NA,0.0512241915531832,NA,NA,0.0512241915531832,0.310879544732149,0.0520146655457663,0.00529673444451237,NA,0.00529673444451237,0,8309.64769421723,2.690417697e-05,65481090.2533626,1e-04,1,0.0510458946228027,113.206959962845,"1_213_1",1,213,1,1909,FALSE,TRUE,13,0.0192752061208225,3,FALSE
"28",2.1976871305,0.352551883636,0.24648507636,1.59153229825,0.6056019848,0.31568068054,0.510294015395,0.55975147926,0.34194827851,2.9146628925,0.71886378933,0.23165434408,2.98911450725,0.41380696173,0.1893492759,1.9132985265,0.82661739088,0.4056413387,1,0.94733835728727,NA,NA,0.0512250481638217,NA,NA,0.0512250481638217,0.311701720627624,0.0521155097502413,0.00621191634140231,NA,0.00621191634140231,0,8309.64769421723,2.690417697e-05,65481090.2533626,1e-04,1,0.0501749515533447,115.083010911942,"1_216_4",1,216,4,1939,FALSE,TRUE,14,0.0194794675344691,3,FALSE
"29",0.8336483075,0.5973515286,0.1763651238,2.72287971175,0.72676850153,0.23843760061,0.510281358915,0.61816261204,0.34744023175,1.6625268825,0.46043662656,0.11255291497,2.48014325375,0.73174257175,0.18895597584,1.518100571,0.88357466342,0.37971569285,1,0.947281891890759,NA,NA,0.0512525033245548,NA,NA,0.0512525033245548,0.325082219116528,0.0554701019796101,0.00603825564156034,NA,0.00603825564156034,0,57967.0951972822,0.0007853279227,65481090.2533626,1e-04,1,0.0511569976806641,61.9407942295074,"2_111_9",2,111,9,999,FALSE,TRUE,35,0.0229480043844666,5,FALSE
"30",1.515878641,0.41598118056,0.28338962355,2.73096366925,0.94338967903,0.17869013797,0.572847952825,0.319004327923,0.27243557965,2.30007233975,0.53001049617,0.106619339725,2.0037033255,0.70404469308,0.26206403589,1.97455715175,0.99642772703,0.303412525662,1,0.945790682259391,NA,NA,0.0519723249329285,NA,NA,0.0519723249329285,0.328858802479317,0.0553954769810532,0.00644102214464923,NA,0.00644102214464923,0,35893.8398407763,0.0004482006266,65481090.2533626,1e-04,1,0.0513820648193359,69.9199721813202,"2_125_6",2,125,6,1122,FALSE,TRUE,39,0.0239550252162573,5,FALSE
"31",1.53121394325,0.51619012016,0.04212967458,2.9824954465,0.98825508157,0.19246362349,0.679757481125,0.315029326459,0.32697464569,1.88702402275,0.67355019226,0.21565367947,2.48768239625,0.59195042758,0.15449524356,2.5688118145,0.96801429471,0.4739345144,1,0.944606389251741,NA,NA,0.0525369687812546,NA,NA,0.0525369687812546,0.334030013917379,0.0561069189999992,0.0331289777478836,0.055006318106503,0.0112516373892641,0,27648.917952619,0.0003222750131,65481090.2533626,1e-04,1,0.0520329475402832,84.2293481826782,"2_150_8",2,150,8,1349,FALSE,TRUE,46,0.0255148451819708,5,FALSE
"32",0.7421516775,0.45359758505,0.14783938503,2.54948518525,0.368591459132,0.20082871387,0.534781688375,0.57153590674,0.36639117256,2.5073548415,0.55615005815,0.116210129431,1.3273332705,0.79816191474,0.09212037387,2.24321635275,0.39830829638,0.36531800315,1,0.949158193597603,NA,NA,0.0503321706712544,NA,NA,0.0503321706712544,0.339923904377875,0.0519072743653404,0.00369375880383698,0.00210304117240412,0.00528447643526985,0,29080.4837615351,0.0003441394777,65481090.2533626,1e-04,1,0.0498340129852295,94.0749552249908,"2_168_3",2,168,3,1506,FALSE,TRUE,46,0.0261211724904074,5,FALSE
"33",0.95075266825,0.45359758505,0.14783938503,2.54948518525,0.368591459132,0.20082871387,0.534781688375,0.57153590674,0.36639117256,2.5073548415,0.55615005815,0.116210129431,1.00170556125,0.80856255366,0.12654584937,2.734186812,0.70533525984,0.347813003135,1,0.944927894595249,NA,NA,0.052384284237563,NA,NA,0.052384284237563,0.261311463707692,0.055764897676516,0.0069900231064004,NA,0.0069900231064004,0,32166.4213112645,0.0003912713468,65481090.2533626,1e-04,1,0.0600309371948242,99.6734030246735,"2_178_3",2,178,3,1596,FALSE,TRUE,3,0.00924929701541146,5,FALSE
"34",0.617827357475,0.36413972516,0.28813665354,2.56159711425,0.50093737118,0.20082871387,0.534781688375,0.57153590674,0.36639117256,2.5073548415,0.55615005815,0.116210129431,1.3273332705,0.79816191474,0.09212037387,2.24321635275,0.69058577313,0.32060061479,1,0.946499956660637,NA,NA,0.0516312026484239,NA,NA,0.0516312026484239,0.324241462751022,0.0545298011851018,0.0113996554218283,0.0168598206281594,0.00593949021549728,0,31345.5076499183,0.0003787334407,65481090.2533626,1e-04,1,0.049530029296875,103.336531162262,"2_184_9",2,184,9,1656,TRUE,TRUE,33,0.0227343116913323,5,FALSE
"35",0.7985028125,0.45359758505,0.14783938503,2.54948518525,0.368591459132,0.20082871387,0.534781688375,0.57153590674,0.30583304878,2.90549165875,0.57850472797,0.2424525391,1.065651424,0.98693173514,0.004041193443,2.94521720175,0.48801682655,0.4193219917,1,0.946599710802066,NA,NA,0.0515830454037522,NA,NA,0.0515830454037522,0.332309213704886,0.0540039716717216,0.0230449080046466,0.0350120168429324,0.0110777991663609,0,33198.0103968,0.0004070269222,65481090.2533626,1e-04,1,0.0502040386199951,106.966486215591,"2_191_6",2,191,6,1716,FALSE,TRUE,41,0.0246591061380981,5,FALSE
"36",0.77191139375,0.3785605212,0.13932953091,2.57486541975,0.62210015901,0.15979365553,0.56164312125,0.345057720414,0.38737597162,2.8676269605,0.57539014328,0.17948301205,2.47991565,0.60289620347,0.09322131252,2.46072571225,0.92908954017,0.4316406917,1,0.94527390544194,NA,NA,0.0522194631336309,NA,NA,0.0522194631336309,0.23922489979607,0.055730227452686,0.00568279664561201,0.00491655056680784,0.00644904272441618,0,28770.6842476912,0.0003394078751,65481090.2533626,1e-04,1,0.0498409271240234,108.050796031952,"2_193_6",2,193,6,1734,FALSE,TRUE,1,0.00624264107050124,5,TRUE
"37",0.77191139375,0.3785605212,0.13932953091,2.57486541975,0.62210015901,0.15979365553,0.56164312125,0.345057720414,0.38737597162,2.8676269605,0.57539014328,0.17948301205,1.289683247,0.58556777144,0.16162277697,2.4334352575,0.92231806357,0.43432617345,1,0.945357399462646,NA,NA,0.052179613065509,NA,NA,0.052179613065509,0.296227862875121,0.0555618662013764,0.0143768245187107,0.0215460203671451,0.00720762867027624,0,28770.6842476912,0.0003394078751,65481090.2533626,1e-04,1,0.0497250556945801,109.85534119606,"2_196_9",2,196,9,1764,TRUE,TRUE,9,0.0164877838562485,5,FALSE
"38",0.77191139375,0.3785605212,0.13932953091,2.57486541975,0.62210015901,0.15979365553,0.51805209805,0.64878708403,0.37643441365,2.913625605,0.435115603,0.17559568384,1.00563361475,0.45471759555,0.2349947892,2.9216893035,0.59898136814,0.43432617345,1,0.946202141074225,NA,NA,0.0517747094225753,NA,NA,0.0517747094225753,0.314529696036005,0.0549749342967131,0.0106272795584037,0.0153361644355048,0.00591839468130252,0,28770.6842476912,0.0003394078751,65481090.2533626,1e-04,1,0.0490291118621826,111.870003223419,"2_200_3",2,200,3,1794,TRUE,TRUE,22,0.0205165556793547,5,FALSE
"39",0.82130092475,0.55359332712,0.16895800521,2.6932768535,0.70583483304,0.22270881157,0.56164312125,0.345057720414,0.38737597162,2.8676269605,0.57539014328,0.17948301205,1.289683247,0.58556777144,0.16162277697,2.4334352575,0.92231806357,0.390637789,1,0.944763168185694,NA,NA,0.0524625691697679,NA,NA,0.0524625691697679,0.233118423693061,0.0573293011645555,0.00851189021818031,NA,0.00851189021818031,0,52127.8130086735,0.0006961439132,65481090.2533626,1e-04,1,0.0516340732574463,117.358061075211,"2_210_3",2,210,3,1884,FALSE,TRUE,1,0.00693345624235294,5,FALSE
"40",1.97137230375,0.343064154959,0.23823850833,2.6304869325,0.93527306752,0.118599784069,0.601877831225,0.342328189218,0.34166673265,2.0029292355,0.7321077635,0.20209604851,1.4337696545,0.88250326708,0.16579767879,2.5852335395,0.66494009888,0.30506931803,1,0.945578529941673,NA,NA,0.0520739244631085,NA,NA,0.0520739244631085,0.311928153187171,0.0557672922190399,0.00566038759355641,0.00422613717011444,0.00709463801699838,0,34035.1785977452,0.0004198130857,65481090.2533626,1e-04,1,0.0524981021881104,118.156795024872,"2_211_7",2,211,7,1897,FALSE,TRUE,21,0.0200524192831003,5,FALSE
"41",2.4141277995,0.46933576009,0.19610614167,2.0287018575,0.40698404829,0.28388102689,0.5409257237,0.55292400021,0.36531730171,1.67241910275,0.69867686803,0.27981966694,1.6617340535,0.54466365364,0.10306534356,1.8617514745,0.72886282572,0.3861383606,1,0.945926445867384,NA,NA,0.0519072035297042,NA,NA,0.0519072035297042,0.330820202117361,0.0561722686935323,0.0391781180414984,0.0683477397091021,0.0100084963738947,0,51022.1008487217,0.0006792562478,65481090.2533626,1e-04,1,0.0562269687652588,29.4754309654236,"3_54_7",3,54,7,484,FALSE,TRUE,41,0.0247242445234654,3,FALSE
"42",1.5510334035,0.91412144024,0.09249851715,0.99405342925,0.54944879344,0.110509734217,0.55582035365,0.56878212928,0.36287138764,2.3005685445,0.99443701537,0.38084984722,1.7191571765,0.72715021209,0.0449975151,2.0170764965,0.63089161987,0.3589748216,1,0.946006112458676,NA,NA,0.0518689519825115,NA,NA,0.0518689519825115,0.337400459632593,0.0545871711497479,0.0260670667272146,0.042043998893627,0.0100901345608023,0,38338.3459945939,0.0004855358423,65481090.2533626,1e-04,1,0.0519809722900391,45.9987781047821,"3_83_7",3,83,7,745,FALSE,TRUE,49,0.0259819736293574,1,FALSE
"43",1.5510334035,0.75958551058,0.09249851715,0.99405342925,0.54944879344,0.110509734217,0.55582035365,0.56878212928,0.36287138764,2.3005685445,0.99443701537,0.38084984722,1.7191571765,0.72715021209,0.0449975151,2.0170764965,0.63089161987,0.3589748216,1,0.946010276960685,NA,NA,0.0518669516401593,NA,NA,0.0518669516401593,0.339126201415218,0.0545679501481855,0.00708418194516097,NA,0.00708418194516097,0,38338.3459945939,0.0004855358423,65481090.2533626,1e-04,1,0.0551960468292236,47.9003260135651,"3_87_1",3,87,1,775,FALSE,TRUE,53,0.0262973053395636,1,FALSE
"44",0.872690038,0.84824651805,0.17338140852,2.06873612725,0.78805673973,0.26202796984,0.5178848393575,0.321109756059,0.37131436297,2.4205549945,0.73921513174,0.22515116707,1.43405225375,0.55777019639,0.04071513897,2.1987801535,0.76360724319,0.34280574655,1,0.945830562328538,NA,NA,0.0519532042232775,NA,NA,0.0519532042232775,0.240333235888831,0.0559122623275789,0.0286960053474717,0.0497883566867436,0.00760365400819979,0,42808.9695352318,0.0005538161753,65481090.2533626,1e-04,1,0.0511400699615479,49.3188920021057,"3_89_6",3,89,6,798,FALSE,TRUE,2,0.00666364643092603,5,FALSE
"45",0.872690038,0.84824651805,0.17338140852,2.06873612725,0.78805673973,0.19579771012,0.5144094490125,0.44790298418,0.32668165879,1.618385688,0.44619378809,0.15879903088,1.52049174375,0.59073677675,0.04830153828,1.92909741575,0.76360724319,0.34280574655,1,0.946083094659045,NA,NA,0.0518319625147264,NA,NA,0.0518319625147264,0.311696615736048,0.0557064766350945,0.0246120737562373,0.0421128048044341,0.00711134270804056,0,42808.9695352318,0.0005538161753,65481090.2533626,1e-04,1,0.050145149230957,58.7466430664062,"3_106_3",3,106,3,948,FALSE,TRUE,20,0.0200469201673471,5,FALSE
"46",1.832613106,0.84824651805,0.17338140852,2.06873612725,0.78805673973,0.19579771012,0.5144094490125,0.42016473567,0.397377607,2.34579042925,0.81322501594,0.34193889304,1.588680503,0.76458389271,0.03576996282,2.37172930925,0.71542805626,0.39181923585,1,0.944870091076962,NA,NA,0.0524117682222631,NA,NA,0.0524117682222631,0.240613387610349,0.0570789405891071,0.00752795485656457,NA,0.00752795485656457,0,54257.6111990038,0.000728672559,65481090.2533626,1e-04,1,0.0530159473419189,60.6527409553528,"3_109_6",3,109,6,978,FALSE,TRUE,3,0.00702191358203904,5,FALSE
"47",2.232479111,0.97023088055,0.0005576537244,1.30961822325,0.46136366477,0.27120894871,0.565515031325,0.364632792987,0.39466910227,1.5724519895,0.61387876912,0.14270159431,1.6384933875,0.55233214699,0.027090457449,2.29374938525,0.88101500261,0.330735156985,1,0.944780307434138,NA,NA,0.05245442932233,NA,NA,0.05245442932233,0.332850382314975,0.0549240166252643,0.038888706756179,0.0693272756891439,0.00845013782321414,0,14655.6921031624,0.0001238280225,65481090.2533626,1e-04,1,0.0620031356811523,70.3303370475769,"3_126_2",3,126,2,1127,TRUE,TRUE,42,0.0251778246624646,2,FALSE
"48",2.04756082875,0.51461811329,0.23298038874,2.094778534,0.81878353695,0.22779290125,0.5583167315,0.52619976134,0.35073308161,1.64705441575,0.93511683438,0.13231086193,1.72010314675,0.75136633787,0.17763506121,2.08528129425,0.60203164691,0.305854526215,1,0.948109778720344,NA,NA,0.0508484753677817,NA,NA,0.0508484753677817,0.319613766344311,0.052001632756995,0.00487717579239408,NA,0.00487717579239408,0,11124.2092314159,6.98912899e-05,65481090.2533626,1e-04,1,0.0533900260925293,74.6677391529083,"3_133_3",3,133,3,1191,FALSE,TRUE,27,0.0213001895318245,3,FALSE
"49",1.19632362625,0.74210187049,0.29156920419,1.9315971645,0.81905024605,0.15258291784,0.676217944275,0.52054156656,0.31829195923,2.29616261675,0.95924832204,0.38640119074,1.6836157905,0.59071714294,0.05360425224,2.76527270075,0.81796120033,0.3676319138,1,0.943780986833849,NA,NA,0.0529269397013271,NA,NA,0.0529269397013271,0.324926560668052,0.0553813267724673,0.0207964242938622,0.0357346953800661,0.00585815320765829,0,7156.18876882752,9.287269885e-06,65481090.2533626,1e-04,1,0.0541989803314209,104.98514008522,"3_184_6",3,184,6,1653,FALSE,TRUE,34,0.0232984700691083,5,FALSE
"50",1.69775758925,0.74351187734,0.1057827636,0.96355993825,0.60827600209,0.36693921769,0.50012499206775,0.37833487585,0.3796804525,1.60236339125,0.83631163866,0.38547399739,1.1552912225,0.78576983672,0.18213319077,2.003430562,0.72199316103,0.5430561107,1,0.937020423172362,NA,NA,0.0561982213331841,NA,NA,0.0561982213331841,0.29878591623482,0.0699357690242232,0.0292856248586627,0.0306586863200127,0.0279125633973128,0,92852.975263002,0.001318143868,65481090.2533626,1e-04,1,0.0506970882415771,41.9597880840302,"4_75_7",4,75,7,673,FALSE,TRUE,12,0.0221197042430304,2,FALSE
"51",1.69775758925,0.74351187734,0.1057827636,0.96355993825,0.60827600209,0.36693921769,0.50012499206775,0.37833487585,0.3796804525,1.60236339125,0.83631163866,0.38547399739,1.1552912225,0.78576983672,0.18213319077,2.003430562,0.682108601,0.5430561107,1,0.937164471219139,NA,NA,0.0561339157390348,NA,NA,0.0561339157390348,0.301678116912823,0.0698055679703947,0.0310250675405355,0.0360778005926843,0.0259723344883868,0,92852.975263002,0.001318143868,65481090.2533626,1e-04,1,0.0612270832061768,43.8574080467224,"4_79_1",4,79,1,703,FALSE,TRUE,13,0.022582460689102,2,FALSE
"52",1.98742955875,0.70285546917,0.14073436902,0.868894004,0.81493082711,0.32664341881,0.604710253225,0.61475622325,0.31823005972,1.6762247655,0.90347961583,0.24350024419,2.897460048,0.84600487305,0.1272497532,1.88958778975,0.66812255256,0.4116072741,1,0.940119186661056,NA,NA,0.0547982319864329,NA,NA,0.0547982319864329,0.337730768390633,0.0672103778093128,0.0128293607484783,0.00428729723382704,0.0213714242631295,0,83825.4782399868,0.001180265897,65481090.2533626,1e-04,1,0.0571959018707275,48.9813530445099,"4_87_7",4,87,7,781,FALSE,TRUE,50,0.028540842890664,3,FALSE
"53",1.98742955875,0.70285546917,0.15727473717,0.979419176,0.81493082711,0.32664341881,0.604710253225,0.61475622325,0.31823005972,1.6762247655,0.90347961583,0.24350024419,2.897460048,0.84600487305,0.1272497532,1.88958778975,0.66812255256,0.4116072741,1,0.940131157163316,NA,NA,0.054792754479456,NA,NA,0.054792754479456,0.338812574773092,0.0672266804210648,0.0130182138005011,0.00460422315536727,0.0214322044456349,0,83825.4782399868,0.001180265897,65481090.2533626,1e-04,1,0.0506830215454102,50.940437078476,"4_91_1",4,91,1,811,FALSE,TRUE,53,0.0287776331098928,3,FALSE
"54",2.058178553,0.51502346012,0.13062514104,0.868894004,0.81493082711,0.32664341881,0.604710253225,0.61475622325,0.31823005972,1.6762247655,0.90347961583,0.24350024419,2.6127064545,0.88362291008,0.07876757475,2.79031183675,0.83922488886,0.65874034085,1,0.936479325997315,NA,NA,0.0564391221485885,NA,NA,0.0564391221485885,0.335679995789987,0.0707661074429425,0.0267388511972127,0.0274813842834121,0.0259963181110134,0,92469.0974986134,0.00131228086,65481090.2533626,1e-04,1,0.0487771034240723,52.8729209899902,"4_94_4",4,94,4,841,FALSE,TRUE,47,0.0295122464800929,2,FALSE
"55",1.98742955875,0.70285546917,0.14073436902,0.868894004,0.81493082711,0.32664341881,0.604710253225,0.61475622325,0.31823005972,1.6762247655,0.90347961583,0.24350024419,2.897460048,0.84600487305,0.1272497532,1.88958778975,0.66812255256,0.4116072741,1,0.940119186661056,NA,NA,0.0547982319864329,NA,NA,0.0547982319864329,0.337730768390633,0.0672103778093128,0.0128293607484783,0.00428729723382704,0.0213714242631295,0,83825.4782399868,0.001180265897,65481090.2533626,1e-04,1,0.0512349605560303,54.8447110652924,"4_97_7",4,97,7,871,FALSE,TRUE,50,0.028540842890664,NA,NA
"56",2.1957440325,0.65114053933,0.10877854428,1.10171640325,0.87568526302,0.31086206089,0.7858863215,0.56182078846,0.39160850533,1.95228622725,0.50807821517,0.135413437,2.06850985325,0.98727895306,0.04963920114,1.94430252,0.84197204509,0.4099959076,1,0.941962606461601,NA,NA,0.0539481617964137,NA,NA,0.0539481617964137,0.333946680716823,0.06422013730677,0.017300437660801,0.0139388702649015,0.0206620050567005,0,66434.5935618037,0.0009146529716,65481090.2533626,1e-04,1,0.0546159744262695,65.0434598922729,"4_115_4",4,115,4,1030,FALSE,TRUE,45,0.0268955457705519,5,FALSE
"57",1.4165345995,0.79526856617,0.08025674772,2.63706310825,0.79546432803,0.23299928743,0.67765457085,0.77611389861,0.37982065666,1.9233738415,0.49572247205,0.13544072977,2.40125158225,0.94145921455,0.09880626567,2.68473103875,0.70533853759,0.44046346365,1,0.945480698365634,NA,NA,0.0521207091843905,NA,NA,0.0521207091843905,0.318555309473147,0.0567242896792303,0.0135300580401765,0.0190563363498377,0.0080037797305152,0,42883.2113739199,0.0005549500792,65481090.2533626,1e-04,1,0.0568451881408691,65.2445039749146,"4_115_7",4,115,7,1033,FALSE,TRUE,28,0.0217448392647402,5,FALSE
"58",1.548387029,0.78374739504,0.08741070447,2.5870607535,0.88221061339,0.22974086713,0.65416278385,0.7343257282,0.37722907216,1.8973973855,0.57321886298,0.14945387977,2.254831072,0.94756453076,0.09309033834,2.56345008025,0.75143270942,0.394957121,1,0.944651580618322,NA,NA,0.0525155339820424,NA,NA,0.0525155339820424,0.298978028384864,0.0581783777558906,0.0065165097018377,0.00329254477168561,0.00974047463198978,0,70106.5866342792,0.0009707357322,65481090.2533626,1e-04,1,0.0522589683532715,66.566596031189,"4_117_9",4,117,9,1053,FALSE,TRUE,12,0.0175959184113881,5,FALSE
"59",1.2402308525,0.84674984406,0.03679579557,2.09659272775,0.70587916229,0.112427433208,0.64274180935,0.72264585713,0.35315473897,1.79536235775,0.3755682039,0.13544072977,2.40125158225,0.94145921455,0.09880626567,2.91354453075,0.57501745278,0.4427773532,1,0.945412052986118,NA,NA,0.052153511515357,NA,NA,0.052153511515357,0.333464559239416,0.0568888854492858,0.0191945773118255,0.0301404550256903,0.0082486995979608,0,50124.741593453,0.0006655507796,65481090.2533626,1e-04,1,0.0543601512908936,67.2402939796448,"4_119_1",4,119,1,1063,FALSE,TRUE,44,0.0252771052542101,5,FALSE
"60",1.68312392425,0.54262124978,0.16214252049,2.89350082075,0.85537811693,0.28230745588,0.64101095385,0.851078899,0.37340064199,2.96697391825,0.6581042724,0.24684540616,2.8580855575,0.87421694855,0.13248530562,2.5760230795,0.94108424856,0.57861207915,1,0.945686175751719,NA,NA,0.0520223977911628,NA,NA,0.0520223977911628,0.31397758918318,0.054639476625132,0.00367805774454683,0.00153946810837446,0.00581664738071919,0,14448.8988675479,0.0001206696463,65481090.2533626,1e-04,1,0.0624902248382568,68.1219871044159,"4_120_5",4,120,5,1076,FALSE,TRUE,21,0.0203883439386819,5,FALSE
"61",1.548387029,0.78374739504,0.08741070447,2.5870607535,0.88221061339,0.22974086713,0.65416278385,0.76162345509,0.39767236816,1.69266575125,0.57321886298,0.14945387977,2.254831072,0.94756453076,0.09309033834,2.56345008025,0.75143270942,0.394957121,1,0.944513675093402,NA,NA,0.0525809168496701,NA,NA,0.0525809168496701,0.296759078430096,0.0584165820587322,0.00702480713101788,0.0033558855574416,0.0106937287045942,0,70106.5866342792,0.0009707357322,65481090.2533626,1e-04,1,0.051563024520874,68.6040019989014,"4_121_3",4,121,3,1083,FALSE,TRUE,10,0.0171737226634555,5,FALSE
"62",1.4165345995,0.79526856617,0.08025674772,2.63706310825,0.79546432803,0.23299928743,0.67765457085,0.77611389861,0.37982065666,1.9233738415,0.49572247205,0.13544072977,2.40125158225,0.94145921455,0.09880626567,2.444848341,0.70533853759,0.44046346365,1,0.94597232018216,NA,NA,0.0518851806325417,NA,NA,0.0518851806325417,0.32794074489659,0.0562851089127053,0.01537339492457,0.0222830981519726,0.0084636916971674,0,42883.2113739199,0.0005549500792,65481090.2533626,1e-04,1,0.0526738166809082,69.2256870269775,"4_122_4",4,122,4,1093,FALSE,TRUE,38,0.0238452694818308,5,FALSE
"63",2.3953253575,0.53037677103,0.10877854428,1.10171640325,0.87568526302,0.31086206089,0.7858863215,0.56182078846,0.39160850533,1.95228622725,0.50807821517,0.135413437,2.06850985325,0.98727895306,0.04963920114,2.1631614405,0.84197204509,0.4099959076,1,0.945058904802021,NA,NA,0.0523219390428475,NA,NA,0.0523219390428475,0.330160084646781,0.0579105138880048,0.00869088683749863,0.00781379684805916,0.00956797682693811,0,66434.5935618037,0.0009146529716,65481090.2533626,1e-04,1,0.0497260093688965,70.9489369392395,"4_125_4",4,125,4,1120,FALSE,TRUE,40,0.024615799271841,5,FALSE
"64",1.1929133335,0.83974545674,0.21346756536,1.3605553815,0.82908674364,0.18402514969,0.6545568019,0.92116358395,0.38632411981,2.9505013455,0.59296537291,0.189488242,2.40845345325,0.99835621527,0.023067116211,2.451298794,0.92061839693,0.5806087735,1,0.944565445836606,NA,NA,0.052556381178841,NA,NA,0.052556381178841,0.309922804493336,0.0582061882215363,0.00828381308607582,NA,0.00828381308607582,0,65786.9934426191,0.0009047621026,65481090.2533626,1e-04,1,0.0514469146728516,71.8975338935852,"4_127_1",4,127,1,1135,FALSE,TRUE,18,0.020063158237658,5,FALSE
"65",1.0877882315,0.70490540678,0.15500797896,1.60899148025,0.91228888756,0.34413857572,0.5143973302175,0.82863504232,0.38750451361,1.9784093645,0.63276198963,0.29340362413,2.42021432675,0.64967396814,0.25387017954,2.67525903925,0.99489997136,0.69367465945,1,0.94448065308919,NA,NA,0.0525965609655761,NA,NA,0.0525965609655761,0.298123085281166,0.0551853384171311,0.00408358544853508,0.00126593594015745,0.00690123495691271,0,12842.1081692316,9.612895238e-05,65481090.2533626,1e-04,1,0.0681161880493164,72.3412899971008,"4_127_8",4,127,8,1142,FALSE,TRUE,11,0.0169473826874209,2,TRUE
"66",1.548387029,0.78374739504,0.08741070447,2.5870607535,0.88221061339,0.22974086713,0.65416278385,0.76162345509,0.39767236816,1.69266575125,0.57321886298,0.14945387977,2.28265881075,0.54399043823,0.08425657206,2.14810707225,0.96956013978,0.394957121,1,0.944657615547231,NA,NA,0.0525126708817296,NA,NA,0.0525126708817296,0.308954990648828,0.0582448147036581,0.00694916543284824,0.0036509990007243,0.0102473318649722,0,70106.5866342792,0.0009707357322,65481090.2533626,1e-04,1,0.0516290664672852,74.3116569519043,"4_131_3",4,131,3,1173,FALSE,TRUE,16,0.0198362390395191,5,FALSE
"67",2.40935854,0.73340113593,0.11571959838,1.34663110825,0.93569127629,0.37825591102,0.5707361028,0.3758478602,0.39160850533,1.95228622725,0.50807821517,0.135413437,2.06850985325,0.98727895306,0.04963920114,2.1631614405,0.84197204509,0.4099959076,1,0.94612410700947,NA,NA,0.0518122455540366,NA,NA,0.0518122455540366,0.314935371086088,0.0541136096942929,0.00419317778807143,0.00322735521201167,0.00515900036413119,0,14122.6144026437,0.0001156862672,65481090.2533626,1e-04,1,0.0516259670257568,74.755735874176,"4_132_1",4,132,1,1180,TRUE,TRUE,23,0.0205167944483346,5,FALSE
"68",1.548387029,0.78374739504,0.08741070447,2.5870607535,0.88221061339,0.22974086713,0.65416278385,0.76162345509,0.39767236816,1.69266575125,0.57321886298,0.14945387977,2.28265881075,0.354114299043,0.14919439857,2.96694738825,0.98281729754,0.394957121,1,0.942490209929836,NA,NA,0.0535310873938063,NA,NA,0.0535310873938063,0.305132895112109,0.0598326406356269,0.00661229604752321,0.0014531352332412,0.0117714568618052,0,70106.5866342792,0.0009707357322,65481090.2533626,1e-04,1,0.0506618022918701,78.0899710655212,"4_137_9",4,137,9,1233,FALSE,TRUE,15,0.0195697826167398,5,FALSE
"69",1.73751788425,0.68598571648,0.0574466529,2.52244510125,0.88221061339,0.22974086713,0.65416278385,0.76162345509,0.39767236816,1.69266575125,0.57321886298,0.14945387977,2.28265881075,0.54399043823,0.08425657206,2.14810707225,0.96956013978,0.394957121,1,0.944740867756156,NA,NA,0.0524731582977968,NA,NA,0.0524731582977968,0.309739159910938,0.0580114328496839,0.00753884275509878,0.00331532907983956,0.011762356430358,0,66696.6259793823,0.000918655022,65481090.2533626,1e-04,1,0.0603458881378174,81.9442739486694,"4_144_6",4,144,6,1293,FALSE,TRUE,17,0.0199671075434522,5,FALSE
"70",1.15646440975,0.53280314253,0.04902052011,1.4441835585,0.37609379379,0.21667292983,0.605444699725,0.70674919166,0.33744970834,2.54294488475,0.72093109352,0.21388684285,0.7553705015,0.45944117343,0.027871863843,2.55609848575,0.86482568408,0.4861132396,1,0.944263101677985,NA,NA,0.0526995094812722,NA,NA,0.0526995094812722,0.326865448379338,0.0574662830638854,0.0359749885905258,0.0600885621011082,0.0118614150799434,0,54325.3692705647,0.0007297074356,65481090.2533626,1e-04,1,0.0540080070495605,92.482076883316,"4_162_4",4,162,4,1453,FALSE,TRUE,38,0.0240746472410309,1,FALSE
"71",1.47467958775,0.80218001484,0.13484555742,1.708590515,0.78145725068,0.26936569309,0.685721823775,0.6727692668,0.36066069403,2.73121900125,0.98681018294,0.23257993414,1.818782648,0.70876792362,0.04818217239,2.42421245775,0.56679250801,0.32556474032,1,0.94696826574701,NA,NA,0.0514047308009437,NA,NA,0.0514047308009437,0.326675268500627,0.054133660298315,0.0117283842434057,0.0166886288733039,0.00676813961350753,0,22617.2178984798,0.0002454252958,65481090.2533626,1e-04,1,0.053231954574585,97.5023078918457,"4_171_1",4,171,1,1531,FALSE,TRUE,37,0.0232398638400015,5,FALSE
"72",1.970654205,0.346058713085,0.12336215685,2.69346941875,0.49148377374,0.1018029890212,0.600668188625,0.88120841072,0.37673019133,2.423290251,0.72889269122,0.20420619895,1.60679335525,0.57156772713,0.09213100407,2.529812792,0.61612366303,0.41835102505,1,0.946662343855624,NA,NA,0.0515527857216398,NA,NA,0.0515527857216398,0.32648801355608,0.0543908187565887,0.00558136841645201,NA,0.00558136841645201,0,28393.4212322514,0.0003336458949,65481090.2533626,1e-04,1,0.0521600246429443,100.44682598114,"4_176_2",4,176,2,1577,FALSE,TRUE,36,0.0232257218843013,5,FALSE
"73",1.17630059,0.74856292243,0.07724237196,1.27550946125,0.65269085138,0.26872243603,0.6789679073,0.59066553194,0.39689364673,2.71545512425,0.59972652696,0.21976640044,2.50292009125,0.89211653354,0.019037314605,2.02519226175,0.70188131606,0.35599138835,1,0.947406180892617,NA,NA,0.0511920508375813,NA,NA,0.0511920508375813,0.317733442941798,0.052527175326656,0.00455353794574693,NA,0.00455353794574693,0,12891.7241081187,9.688674216e-05,65481090.2533626,1e-04,1,0.0564332008361816,100.50946688652,"4_176_3",4,176,3,1578,FALSE,TRUE,26,0.0209362877828076,5,FALSE
"74",1.00546699075,0.55630104458,0.20687743599,2.58954108825,0.9556124288,0.20562701299,0.6199817745,0.91250977718,0.3565706698,2.423290251,0.72889269122,0.20420619895,1.60679335525,0.57156772713,0.09213100407,2.529812792,0.61612366303,0.42760824605,1,0.947059063411692,NA,NA,0.0513607059438519,NA,NA,0.0513607059438519,0.331352776897374,0.054187448299456,0.00654886327388912,NA,0.00654886327388912,0,27719.6109074366,0.0003233547145,65481090.2533626,1e-04,1,0.0522489547729492,102.329324007034,"4_179_5",4,179,5,1607,FALSE,TRUE,40,0.0243361681867047,5,FALSE
"75",2.61389418525,0.71966940736,0.19785382053,0.85475671625,0.84283066264,0.20993422699,0.5085860354625,0.77341425894,0.39282140935,1.72240670125,0.313538416717,0.108586205971,1.8488593175,0.76071177173,0.06238113672,2.87133576975,0.9985558559,0.4497056524,1,0.942323030728239,NA,NA,0.0536088375477559,NA,NA,0.0536088375477559,0.311363597513141,0.05921106323889,0.00875364234784469,0.0019238442023175,0.0155834404933719,0,52147.1175816064,0.0006964387541,65481090.2533626,1e-04,1,0.0588469505310059,103.348368883133,"4_181_3",4,181,3,1623,TRUE,TRUE,19,0.0208544017498555,5,FALSE
"76",2.07312752675,0.44797284817,0.15367759293,0.764927308,0.64110883226,0.129200700103,0.52698575555,0.98333089629,0.39944913322,2.569001636,0.85369957041,0.35712132556,1.42742464725,0.64101497311,0.027758403129,1.78498300825,0.89944490739,0.35675385605,1,0.945954464862913,NA,NA,0.0518937535523651,NA,NA,0.0518937535523651,0.31706869052192,0.0536795655097481,0.00400500850070536,0.00274026007518291,0.00526975692622782,0,24922.9715352947,0.0002806413288,65481090.2533626,1e-04,1,0.0511150360107422,103.709161043167,"4_181_9",4,181,9,1629,FALSE,TRUE,25,0.020996979774943,4,FALSE
"77",1.17630059,0.74856292243,0.07724237196,1.27550946125,0.65269085138,0.26872243603,0.6789679073,0.61250371341,0.3867517165,2.551669817,0.59972652696,0.21976640044,2.50292009125,0.89211653354,0.019037314605,2.02519226175,0.70188131606,0.35599138835,1,0.947355763105157,NA,NA,0.0512165819681212,NA,NA,0.0512165819681212,0.326116965640623,0.0525512646151743,0.00419859848465919,NA,0.00419859848465919,0,12891.7241081187,9.688674216e-05,65481090.2533626,1e-04,1,0.0581400394439697,104.312114953995,"4_182_9",4,182,9,1638,FALSE,TRUE,34,0.0229437600009655,5,FALSE
"78",2.814491466,0.331444366107,0.13811896308,1.22844985125,0.45394706565,0.2632739218,0.507965821145,0.52655662043,0.39416693764,1.94454249725,0.91840098551,0.24842519155,2.596466965,0.75623664443,0.03978798063,1.500460897,0.67658561668,0.33698955553,1,0.948869119022673,NA,NA,0.0504750563084955,NA,NA,0.0504750563084955,0.328506672888691,0.0514572634670392,0.00525892014120656,NA,0.00525892014120656,0,20255.6724352805,0.000209357148,65481090.2533626,1e-04,1,0.0632750988006592,107.632195949554,"4_188_6",4,188,6,1689,FALSE,TRUE,35,0.0233627129027469,3,FALSE
"79",1.172921666,0.64868749188,0.1769897775,0.9152114075,0.57208676572,0.31940321869,0.5355810957,0.66975709673,0.3757748197,1.0357259025,0.71194403047,0.26667697969,1.49681722225,0.96242707041,0.15986758221,2.652732854,0.55559592401,0.327625133655,1,0.945043157258142,NA,NA,0.0523294369184869,NA,NA,0.0523294369184869,0.335824590959968,0.0555860385846469,0.00463461335981061,NA,0.00463461335981061,0,22677.8594569381,0.0002463514811,65481090.2533626,1e-04,1,0.0531599521636963,112.823893070221,"4_197_6",4,197,6,1770,FALSE,TRUE,47,0.0256812408477847,2,FALSE
"80",2.08722348675,0.4412933963,0.09318247617,1.4167713555,0.49835356653,0.36082146877,0.53538131695,0.66113791917,0.38274775084,2.423290251,0.72889269122,0.20420619895,1.60679335525,0.57156772713,0.09213100407,2.529812792,0.61612366303,0.42760824605,1,0.94646969433621,NA,NA,0.0516458031909249,NA,NA,0.0516458031909249,0.270898625815558,0.0544663290015224,0.00556128889420401,NA,0.00556128889420401,0,27719.6109074366,0.0003233547145,65481090.2533626,1e-04,1,0.0503170490264893,119.833546876907,"4_209_5",4,209,5,1877,FALSE,TRUE,5,0.0105009097490077,3,TRUE
"81",0.783441038,0.747435401,0.022210311153,1.2188806805,0.53708220753,0.30468942097,0.6331655441,0.61524067379,0.3692642926,1.93248295925,0.5037904428,0.3554220175,2.961503671,0.65700675808,0.04168099839,2.80106297025,0.45441236034,0.32371919736,1,0.946572260143972,NA,NA,0.0515963019482111,NA,NA,0.0515963019482111,0.340738495898561,0.0539837612268802,0.0208270852203466,0.0338054442762026,0.00784872616449071,0,21468.4139305139,0.0002278794844,65481090.2533626,1e-04,1,0.0605690479278564,120.354995965958,"4_210_4",4,210,4,1885,FALSE,TRUE,55,0.0266496122117161,2,FALSE
"82",1.02937355375,0.87411113606,0.08258893449,0.9152114075,0.57208676572,0.31940321869,0.5355810957,0.66975709673,0.3757748197,1.66132526125,0.6009375257,0.21240494671,1.71574397325,0.41115274667,0.11884653657,2.472154935,0.45606995628,0.3049388052755,1,0.947865322049629,NA,NA,0.0509681091180382,NA,NA,0.0509681091180382,0.315695049464192,0.0518404834603969,0.00436063601256768,NA,0.00436063601256768,0,12008.7715640278,8.340130927e-05,65481090.2533626,1e-04,1,0.0525410175323486,120.654284000397,"4_210_9",4,210,9,1890,FALSE,TRUE,24,0.0203693598861945,2,FALSE
"83",2.08722348675,0.4412933963,0.09318247617,1.4167713555,0.49835356653,0.36082146877,0.53538131695,0.66113791917,0.38274775084,2.423290251,0.72889269122,0.1539091336,1.60679335525,0.57156772713,0.09213100407,2.529812792,0.61612366303,0.42760824605,1,0.946623544050813,NA,NA,0.0515715330245615,NA,NA,0.0515715330245615,0.267911902880541,0.0543640792458864,0.0193677331724452,0.030269271581421,0.00846619476346945,0,27719.6109074366,0.0003233547145,65481090.2533626,1e-04,1,0.0622889995574951,121.808938026428,"4_212_8",4,212,8,1907,FALSE,TRUE,4,0.00995113304901629,3,FALSE
"84",2.01285376075,0.51690403644,0.11283156363,1.18255881825,0.40354505945,0.1833305683,0.584440822575,0.64591145281,0.39417662845,1.09285366,0.48095270158,0.17012015119,2.6675510085,0.57120630614,0.023759880945,2.96772521975,0.43722061892,0.373167968,1,0.947049424437004,NA,NA,0.0513653813618207,NA,NA,0.0513653813618207,0.340599612299192,0.0523710000953623,0.0060977640334138,NA,0.0060977640334138,0,8391.73898374664,2.815796641e-05,65481090.2533626,1e-04,1,0.0633440017700195,122.54278087616,"4_214_1",4,214,1,1918,FALSE,TRUE,49,0.0264275281744987,2,FALSE
"85",0.73030687425,0.67310891758,0.04098343515,0.546483321675,0.99630206639,0.36461210782,0.550807361225,0.66975709673,0.3757748197,1.66132526125,0.6009375257,0.21240494671,1.71574397325,0.41115274667,0.11884653657,2.78104909625,0.366595452931,0.307055583195,1,0.948626285416923,NA,NA,0.0505947737981273,NA,NA,0.0505947737981273,0.334871310451159,0.0520059315977505,0.00424936910614155,NA,0.00424936910614155,0,22917.1875097931,0.0002500067652,65481090.2533626,1e-04,1,0.0522050857543945,122.660463094711,"4_214_3",4,214,3,1920,FALSE,TRUE,46,0.0249343668131229,2,FALSE
"86",2.08722348675,0.4412933963,0.09318247617,1.4167713555,0.49835356653,0.36082146877,0.53538131695,0.66113791917,0.38274775084,2.423290251,0.72889269122,0.20420619895,1.60679335525,0.57156772713,0.09213100407,1.89355949775,0.61612366303,0.42760824605,1,0.947888188399608,NA,NA,0.0509569305466224,NA,NA,0.0509569305466224,0.319133960018761,0.0531530190447396,0.0218171518973383,0.0379851976689718,0.00564910612570479,0,27719.6109074366,0.0003233547145,65481090.2533626,1e-04,1,0.0531659126281738,123.761494874954,"4_216_2",4,216,2,1937,FALSE,TRUE,29,0.0213589785883386,3,FALSE
"87",2.6042931105,0.53587701242,0.22751224575,1.1578437985,0.70307026564,0.39332348524,0.5099315715625,0.91152268723,0.32539587253,1.62204653575,0.90379038643,0.13809302173,2.71819259225,0.99434500653,0.21509782053,2.51402495475,0.45135641605,0.4292201024,1,0.948176585159295,NA,NA,0.0508157322076942,NA,NA,0.0508157322076942,0.33604455649272,0.052807932564953,0.0040601376337906,NA,0.0040601376337906,0,24665.5036033997,0.0002767089923,65481090.2533626,1e-04,1,0.0518901348114014,126.465677022934,"4_220_8",4,220,8,1979,FALSE,TRUE,47,0.0252857811531259,3,FALSE
"88",0.73030687425,0.67310891758,0.04098343515,0.546483321675,0.99630206639,0.36461210782,0.550807361225,0.66975709673,0.3757748197,1.66132526125,0.6009375257,0.21240494671,1.71574397325,0.41115274667,0.11884653657,2.4035306825,0.42796142415,0.307055583195,1,0.948197292445557,NA,NA,0.0508055788720721,NA,NA,0.0508055788720721,0.334236341046642,0.0523125725787627,0.00341426351648664,0.00163701075504896,0.00519151627792432,0,22917.1875097931,0.0002500067652,65481090.2533626,1e-04,1,0.0630898475646973,126.534955978394,"4_220_9",4,220,9,1980,FALSE,TRUE,45,0.0248210201764871,2,FALSE
"89",1.0642412575,0.80605809793,0.29984261985,0.755376554,0.64614755175,0.29918236339,0.50383210958,0.326202387981,0.3891152053,1.712602318,0.79920220966,0.37148749324,2.30204966225,0.53962232889,0.13673284419,2.78892957325,0.61895989629,0.60388090205,1,0.944325292329642,NA,NA,0.0526701004930379,NA,NA,0.0526701004930379,0.2969703732847,0.0565337473526548,0.00673763935502052,NA,0.00673763935502052,0,39531.6365878401,0.0005037611029,65481090.2533626,1e-04,1,0.0665280818939209,87.2295110225677,"5_152_5",5,152,5,1364,FALSE,TRUE,11,0.0169151120339043,2,FALSE
"90",0.9540823165,0.76216990911,0.0023827256823,1.343807253,0.90221077889,0.28428680386,0.5763477468,0.330820026797,0.36464662879,1.809949775,0.73274661206,0.34564863139,2.34005528625,0.45400277676,0.19930416825,2.87727579675,0.54568624171,0.5070548189,1,0.941526277921038,NA,NA,0.0541505747983842,NA,NA,0.0541505747983842,0.330131692010043,0.0643403026170429,0.0185233118080207,NA,0.0185233118080207,0,59841.4822795319,0.0008139556461,65481090.2533626,1e-04,1,0.0691409111022949,90.9592418670654,"5_157_6",5,157,6,1410,FALSE,TRUE,40,0.0261396139864373,2,FALSE
"91",1.310389085,0.97542391224,0.18379248816,0.575007102325,0.50706919891,0.38447362186,0.60861291535,0.326202387981,0.3891152053,1.83940690275,0.60653288323,0.37563886249,2.907305343,0.338462932487,0.01117435029,2.967794218,0.93238308364,0.6079732505,1,0.939846664298429,NA,NA,0.054922785998031,NA,NA,0.054922785998031,0.315399909877255,0.0647440479600996,0.0385675212676315,0.0601764455258049,0.0169585970094581,0,51278.4983831594,0.000683172236,65481090.2533626,1e-04,1,0.0778629779815674,92.1518549919128,"5_159_2",5,159,2,1424,FALSE,TRUE,24,0.0235099800391865,2,FALSE
"92",1.015679739,0.51998909569,0.08126652501,1.4059021905,0.78253064181,0.36752539225,0.67995258245,0.3033854389422,0.34930148515,2.00393726125,0.66536518788,0.31242521998,1.98724557,0.45239888097,0.09565805754,2.67653568675,0.65667874844,0.44549897445,1,0.944753924367279,NA,NA,0.0524669587605499,NA,NA,0.0524669587605499,0.340207323315412,0.0571561231539469,0.0067163097551523,NA,0.0067163097551523,0,45211.1819371345,0.0005905054338,65481090.2533626,1e-04,1,0.0764138698577881,96.8737118244171,"5_165_7",5,165,7,1483,FALSE,TRUE,54,0.0269004730012361,2,FALSE
"93",1.27927718525,0.60079768439,0.22824958818,2.285033889,0.95498505191,0.27416836228,0.689616119125,0.41988517569,0.38237337961,2.586792799,0.82975087809,0.2012179648,2.08801046775,0.57131909063,0.12791372055,2.26088376,0.48970563346,0.3345737494,1,0.948645873213647,NA,NA,0.0505851274776638,NA,NA,0.0505851274776638,0.336699741545515,0.0529745927074795,0.00571711966461722,NA,0.00571711966461722,0,26055.4867924981,0.0002979383609,65481090.2533626,1e-04,1,0.0689928531646729,101.797375917435,"5_172_1",5,172,1,1540,FALSE,TRUE,48,0.0254296702406748,5,FALSE
"94",0.87818990025,0.92045046105,0.11935076625,1.36799623825,0.51019128158,0.31998816535,0.5506097993,0.41706626708,0.3743775082,1.5670787685,0.54335665697,0.16069455571,2.8796889805,0.79013620054,0.06768014181,2.4773979285,0.79151072712,0.37600331395,1,0.944737662197483,NA,NA,0.0524746802484819,NA,NA,0.0524746802484819,0.278274460376463,0.0555477221587007,0.0611994829677854,0.0984934323706046,0.0239055335649662,0,18509.3191505932,0.0001826848991,65481090.2533626,1e-04,1,0.066662073135376,106.535213947296,"5_178_5",5,178,5,1598,FALSE,TRUE,7,0.0137374811951218,2,FALSE
"95",0.8685175305,0.53824651879,0.29614108848,1.2574988405,0.70215062699,0.34473789748,0.737132623475,0.45802403316,0.35689150048,1.8322255285,0.83532053953,0.29432679211,1.8470282695,0.343711080868,0.010729803492,2.8422805035,0.73083104225,0.37069582645,1,0.94394111263511,NA,NA,0.0528515113767529,NA,NA,0.0528515113767529,0.335935590016254,0.0568569589744353,0.0288784811837823,0.0487432044138956,0.00901375795366905,0,30128.8757228652,0.0003601516853,65481090.2533626,1e-04,1,0.0646228790283203,115.728868961334,"5_190_8",5,190,8,1709,FALSE,TRUE,48,0.026061428260502,2,FALSE
"96",1.727290219,0.41454254182,0.1589425383,1.8651416545,0.99189591751,0.18759538726,0.5763477468,0.330820026797,0.39389430799,2.6867067125,0.59776775938,0.20345018713,1.701966365,0.44868698208,0.1194103434,2.20181717,0.4431801077,0.3618829864,1,0.949182209340404,NA,NA,0.0503202817620249,NA,NA,0.0503202817620249,0.309263878226699,0.0525259570321621,0.00449388298978599,NA,0.00449388298978599,0,27369.8762900366,0.0003180131786,65481090.2533626,1e-04,1,0.0753428936004639,125.308609962463,"5_204_3",5,204,3,1830,FALSE,TRUE,12,0.0187869571055682,3,FALSE
"97",1.399321733,0.59020662622,0.26903495835,2.55405143075,0.90653175492,0.33108886651,0.53856958265,0.37505436526,0.35861719828,2.246088639,0.63248213229,0.16104615043,2.6040813025,0.43541871322,0.12774962826,2.577557853,0.3026289960347,0.3717352741,1,0.951396988404562,NA,NA,0.0492115183159615,NA,NA,0.0492115183159615,0.333817822346964,0.0497385196641822,0.0091890406163876,NA,0.0091890406163876,0,10983.7420507349,6.774591895e-05,65481090.2533626,1e-04,1,0.070242166519165,126.105707883835,"5_205_4",5,205,4,1840,FALSE,TRUE,44,0.0245046026683787,3,FALSE
"98",1.05969487425,0.83716885131,0.13785733947,1.70082181775,0.98902187704,0.27863044651,0.6047488658,0.54187427936,0.35117619163,1.81607387075,0.74681131096,0.17641971991,2.8710234935,0.73188502623,0.09404930319,2.335115941,0.73104219228,0.3775898782,1,0.946279239065878,NA,NA,0.0517375968184568,NA,NA,0.0517375968184568,0.308858870402949,0.0543259922856735,0.00593608762215168,NA,0.00593608762215168,0,16966.7385644677,0.0001591248934,65481090.2533626,1e-04,1,0.0644450187683105,128.384703874588,"5_208_5",5,208,5,1868,FALSE,TRUE,12,0.0190987114990962,5,FALSE
"99",1.727290219,0.41454254182,0.1589425383,1.8651416545,0.99189591751,0.18759538726,0.62892118065,0.55831591128,0.39161266675,2.958582485,0.68347000104,0.30141117532,1.964638412,0.369232970422,0.1956178404,2.7050279595,0.4431801077,0.3618829864,1,0.947996998853088,NA,NA,0.0509037032272493,NA,NA,0.0509037032272493,0.31958161648475,0.0535608904965368,0.00607865307429348,NA,0.00607865307429348,0,27369.8762900366,0.0003180131786,65481090.2533626,1e-04,1,0.0639610290527344,130.158913850784,"5_210_9",5,210,9,1890,FALSE,TRUE,30,0.0214128910133376,3,FALSE
"100",1.78571477025,0.50404241221,0.21188363229,1.70082181775,0.97578234031,0.30511089358,0.51406193602,0.39311118446,0.39994623751,2.86617809175,0.66867743031,0.23932037671,2.836361545,0.49888032892,0.19952594874,1.76598799075,0.48916805292,0.3839361352,1,0.949900769188556,NA,NA,0.0499632526229035,NA,NA,0.0499632526229035,0.309648830632769,0.0505911584476562,0.00432470343842163,NA,0.00432470343842163,0,10796.4162147279,6.488487052e-05,65481090.2533626,1e-04,1,0.0596637725830078,130.750046014786,"5_211_8",5,211,8,1898,FALSE,TRUE,12,0.0187228977123415,3,FALSE
