"","solID","mape","decomp.rssd","nrmse","nrmse_train","facebook_S_thetas","newsletter_thetas","ooh_S_thetas","print_S_thetas","search_S_thetas","tv_S_thetas","facebook_S_alphas","newsletter_alphas","ooh_S_alphas","print_S_alphas","search_S_alphas","tv_S_alphas","facebook_S_gammas","newsletter_gammas","ooh_S_gammas","print_S_gammas","search_S_gammas","tv_S_gammas","cluster","n","top_sol"
"1","1_141_9",0,0.377391285859103,0.048987212573221,0.048987212573221,0.430183242246871,0.36785942270593,0.899926099159499,0.482031043841785,0.521064907491115,0.0354874988913461,0.296849286435466,0.827107080653388,0.0494594366193038,0.612808166618528,0.180726916789693,0.459024783487774,0.0118883255353272,0.764621337519452,0.463108531719502,0.881447744866324,0.778499483006508,0.0372017865597991,2,34,FALSE
"2","1_143_2",0,0.459261289661124,0.0488152901867383,0.0488152901867383,0.903212414491846,0.703056546346097,0.727600911935517,0.0629017226022835,0.423295113384259,0.0877351209900216,0.0705737115653327,1,0.0300281828950852,0.573135477707059,0.405574173793565,0.41213676108006,0.163844432522234,0.631396841697646,0.90107705134659,0.312356290926532,0.567396423545746,0.00768750966124179,2,34,FALSE
"3","1_173_4",0,0.347085660002414,0.0490666787528433,0.0490666787528433,0.611719728205024,0.411144504630927,0.915058841741673,0.281927116315165,0.679774766688894,0.0689333052560688,0.431419805295868,0.984901552461179,0.0105896015062785,0.202219840232405,0.571563587232239,0.483479420473697,0.205823861954929,0.622640049639413,0.77018459620778,0.174065615009476,1,0.00410587775517041,2,34,FALSE
"4","1_185_4",0,0.389539294935857,0.0489298140959092,0.0489298140959092,0.161541209348392,0.604223439291176,0.855181546277293,0.137989029946617,0.602954132409234,0,0.330858569777983,0.73418824985511,0.0407152805663314,0.157384596371726,0.485109734500351,0.249991729599715,0.062581613222532,1,0.516724889264248,0.192845931303831,0.90327366309068,0.0325055860588289,2,34,FALSE
"5","1_185_7",0,0.398045209237031,0.0489621246912712,0.0489621246912712,0.863987047582865,0.400039967787375,0.860813991095473,0.461857603373006,0.466246076285988,0.0158129365160256,0.29490709403833,0.980418217691152,0.00425510756472789,0.00155994900831634,0.422320508391241,0.164773217886924,0.253212630986515,0.463525832389473,0.77991123045653,0.340885388296873,0.939366579066912,0.086412564622949,2,34,FALSE
"6","1_192_3",0,0.546127098185901,0.0487861675960449,0.0487861675960449,0.900542875957872,0.58164628275158,0.702326277354,0.137082352308528,0.328825874057037,0.0285027927883134,0.159087487587227,0.982659853735751,0.0172379223268871,0.404408154744604,0.344708912424783,0.0157741678213583,0.195310437921151,0.503661649003082,0.740716958189562,0.295220659883221,0.247415283209091,0.0703506148130979,2,34,FALSE
"7","1_195_6",0,0.439862078906733,0.0487370427651313,0.0487370427651313,0.900542875957872,0.58164628275158,0.702326277354,0.137082352308528,0.328825874057037,0.00532390555577247,0.340107947483333,0.982659853735751,0.0172379223268871,0.404408154744604,0.344708912424783,0.0532845857475289,0.0737455523446234,0.503661649003082,0.740716958189562,0.295220659883221,0.247415283209091,0.0939620363348633,2,34,FALSE
"8","1_198_7",0,0.388209761651749,0.0489374243045124,0.0489374243045124,0.118917526573656,0.672307765192885,0.855181546277293,0.137989029946617,0.602954132409234,0,0.615519293016376,0.725875091455702,0.0407152805663314,0.157384596371726,0.485109734500351,0.249991729599715,0.107867200242501,0.757111542904855,0.516724889264248,0.192845931303831,0.90327366309068,0.0325055860588289,2,34,FALSE
"9","1_199_1",0,0.319270385396331,0.0493188919695105,0.0493188919695105,0.61907238939273,0.400039967787375,0.860813991095473,0.204447435182895,0.0202645099840849,0.174827436011662,0.224664443462242,0.980418217691152,0.00425510756472789,0.00155994900831634,0.12194771312987,0.826103646080466,0.24999006005751,0.463525832389473,0.77991123045653,0.617043222636542,0.603391342076135,0.00586707357933203,2,34,FALSE
"10","1_202_3",0,0.438396207033395,0.0487832906048974,0.0487832906048974,0.932982310335165,0.58164628275158,0.702326277354,0.137082352308528,0.328825874057037,0.00532390555577247,0.528065062783671,0.783272384103706,0.0172379223268871,0.404408154744604,0.344708912424783,0.0532845857475289,0.186641867226974,0.503661649003082,0.740716958189562,0.295220659883221,0.247415283209091,0.0939620363348633,2,34,FALSE
"11","1_203_3",0,0.424279319769353,0.0489336925585704,0.0489336925585704,0.44024036189352,0.416298278846006,0.962673050287212,0.0289463476692732,0.89721786670278,0.125589590287978,0.446749647487945,0.966443574963066,0.00685071890513999,0.0284745958034331,0.453094701048411,0.131821109333862,0.135074017309237,0.607459930280695,0.689167566828457,1,0.759188601421883,0.0246104596603021,2,34,FALSE
"12","1_203_8",0,0.346584463964387,0.0492042991872918,0.0492042991872918,0.719574068412053,0.469957424462779,0.867968583582388,0.516191131902185,0.376793155929469,0.245732172583495,0.517790339931703,0.588326800546048,0.0181741582158832,0.353145719162327,0.36467377767626,0.508895399060014,0.291219263205253,0.630997153791562,0.510743879389318,0.390110466411422,0.536462797558663,0.0163249043016493,2,34,FALSE
"13","1_204_1",0,0.34719194873416,0.0490997217457573,0.0490997217457573,0.341922536072914,0.634972248779228,0.892130937552415,0.588926276658347,0.586272408351463,0.0274359543790287,0.446963529908571,0.394721935849284,0.0152558366734002,0.439398203027116,0.501478131496344,0.3311073718879,0.0984406579260555,0.698324229192265,0.119539736549307,0.605032559767772,0.922584877622879,0.0636529096104732,1,22,FALSE
"14","1_205_7",0,0.313562642978796,0.0492982277894866,0.0492982277894866,0.107884675501298,0.423909672487295,0.870582082286933,0.127776173729341,0.0400596446375334,0.174827436011662,0.00243204108204309,0.658220288265276,0.0107578012937551,0.00943385976158538,0.403028176896081,0.71225834633122,0.303435480988286,0.587949550861057,0.337717475780447,0.642486164307274,0.486852225505721,0.00586707357933203,1,22,FALSE
"15","1_205_9",0,0.346957445073238,0.0491162538617555,0.0491162538617555,0.397452963113459,0.837801362955338,0.994423537713437,0.296741103389488,0.136061430279632,0.097243542451168,0.240772792939592,0.982006599422171,0.00750069504881603,0.66252152640355,0.401961633425144,0.273344055762122,0.0853534639666493,0.686522602557609,0.755598353331587,0.592357595842357,0.231202878737894,0.175146367362755,2,34,FALSE
"16","1_208_9",0,0.435910439452229,0.0488463961654645,0.0488463961654645,0.900542875957872,0.58164628275158,0.702326277354,0.137082352308528,0.270831179052082,0.120846935870562,0.340107947483333,0.982659853735751,0.0172379223268871,0.404408154744604,0.344708912424783,0.101866826612394,0.0737455523446234,0.503661649003082,0.740716958189562,0.295220659883221,0.59336193324573,0.0597664692096367,2,34,FALSE
"17","1_209_1",0,0.287703708419683,0.0493180430836043,0.0493180430836043,0.107884675501298,0.830917068109092,0.960081337632553,0.0635883141477055,0.129370268007228,0.174827436011662,0.00243204108204309,0.658220288265276,0.00263170870638202,0.507013421896688,0.541683743267258,0.793804956594893,0.303435480988286,0.587949550861057,0.4768460564344,0.568997824562216,0.775303090015685,0.00586707357933203,1,22,FALSE
"18","1_210_5",0,0.356646184643471,0.0490407712301109,0.0490407712301109,0.932608754112254,0.490277766169194,0.914843242817238,0.924836936422287,0.455161570166223,0.147360051683049,0.19355899474289,0.902009138319698,0.00481457221974814,0.540532346567409,0.484383228020531,0.508895399060014,0.149431695639304,0.507567325544484,0.964830657278718,0.595547436984195,0.910929845709715,0.00686222636545457,2,34,FALSE
"19","1_212_4",0,0.293301665588034,0.049331992306918,0.049331992306918,0.334478580095225,0.830917068109092,0.960081337632553,0.0635883141477055,0.129370268007228,0.174827436011662,0.0231428758809861,0.658220288265276,0.00263170870638202,0.507013421896688,0.541683743267258,0.793804956594893,0.474711932916201,0.587949550861057,0.4768460564344,0.568997824562216,0.775303090015685,0.00586707357933203,1,22,FALSE
"20","1_217_5",0,0.42643557580718,0.0488501627212233,0.0488501627212233,0.837885453749136,0.474173516183026,0.741580645059525,0.500407540818791,0.381498189328013,0.00764477412540242,0.606145347213266,0.616608421281397,0.023811333123697,0.498477632688203,0.335685567599242,0.117079909972927,0.304567534429553,0.605625973126527,0.608276776893277,0.448021713349579,0.352444453664975,0.0789492085812503,2,34,FALSE
"21","1_222_2",0,0.401151273387886,0.0489169884567943,0.0489169884567943,0.587798709655404,0.684420889302081,0.767817595962104,0.0340491209729663,0.122637141401638,0.0173154762363963,0.652866364194494,0.755902120548797,0.00152307157001004,0.304429860773501,0.368791243377238,0.112041036156855,0.0650178823543671,0.457998640671724,0.862439015240251,0.253856300027842,0.209200701575907,0.125534168268001,2,34,FALSE
"22","1_222_3",0,0.491246814099729,0.0486933503716613,0.0486933503716613,0.68101411561674,0.520348877640877,0.764293067094353,0.413376529982352,0.283083135878085,0.0807697582617567,0.159094941604343,0.934622711759556,0.0149230537775002,0.650512918122098,0,0.231110175230762,0.266925313484287,0.584480059903226,1,0.365386005984368,0.0952526081188405,0.0198380138417022,2,34,FALSE
"23","1_222_4",0,0.452911902474645,0.0487553104108733,0.0487553104108733,0.107884675501298,0.830917068109092,0.960081337632553,0.0635883141477055,0.129370268007228,0.0735973270925894,0.326845987799305,0.658220288265276,0.00263170870638202,0.507013421896688,0.541683743267258,0.208605447688016,0.303435480988286,0.587949550861057,0.4768460564344,0.568997824562216,0.775303090015685,0.0548181382409596,1,22,FALSE
"24","1_222_6",0,0.315256669119205,0.0493745459480852,0.0493745459480852,0.858142995410493,0,0.932528925587486,0.337840507581899,0.506716498479288,0.408887194409128,0.213334148940931,0.982006599422171,0.00940671952477889,0.441917403767357,0.548416826591619,0.680378846782135,0.0938449955198046,0.686522602557609,0.153697078349967,0.583427715265997,0.259626411724828,0.0601528477466308,2,34,TRUE
"25","1_223_8",0,0.345852419532009,0.049027530352447,0.049027530352447,0.932608754112254,0.490277766169194,0.914843242817238,0.824347748779911,0.305544897610105,0.0263230785873533,0.332532992090064,0.902009138319698,0.00481457221974814,0.851703949924464,0.522950626203444,0.44951891849829,0.149431695639304,0.507567325544484,0.964830657278718,0.396052228601847,0.850855368488804,0.010898062337149,2,34,FALSE
"26","2_221_1",0,0.189512990851524,0.0571480994450061,0.0571480994450061,0,0.899304336379456,0.983020297335592,0.628761836609365,0.464621425758981,0.138858997766489,0.880527831846646,0.240369222444422,0.0104276178373815,0.506154752900383,0.766604177657574,0.692988063597431,0.450416702002042,0.827851228098119,0.947757395786436,0.473255391679215,0.877297567042018,0.779438388880668,4,25,FALSE
"27","3_121_9",0,0.585135150042919,0.0487666822581803,0.0487666822581803,0.879828083681487,0.872344397957545,0,0.38333934164962,0.150283122951882,0.00928788042538609,0.984754873365609,0.632818677881964,0.821283091771413,0.259841570111924,0.67218039399669,0.261668458866899,0.170368247726956,0.693514073224295,0.213593964248059,0.374586863670867,0.750203957856947,0.0731938918361815,2,34,FALSE
"28","3_125_3",0,0.588650631749611,0.048690699978706,0.048690699978706,0.879828083681487,0.872344397957545,0.0987359494091968,0.38333934164962,0.150283122951882,0.00928788042538609,0.984754873365609,0.632818677881964,0.812033842090095,0.259841570111924,0.67218039399669,0.261668458866899,0.170368247726956,0.693514073224295,0.42816692420711,0.374586863670867,0.750203957856947,0.0731938918361815,2,34,FALSE
"29","3_135_3",0,0.585115904773909,0.0487523945908353,0.0487523945908353,0.879828083681487,0.872344397957545,0,0.38333934164962,0.150283122951882,0.00928788042538609,0.805632021832113,0.632818677881964,0.821283091771413,0.259841570111924,0.67218039399669,0.261668458866899,0.170368247726956,0.693514073224295,0.213593964248059,0.374586863670867,0.750203957856947,0.0731938918361815,2,34,FALSE
"30","3_144_9",0,0.622178713740936,0.0486943445617825,0.0486943445617825,0.884529341108443,0.627526722872287,0.969969628585142,0.347984687301525,0.470496809263323,0.0500007642556424,0.898084064022219,0.594125145646858,0.965464690771941,0.0818403652434101,0.520481843814927,0,0.0192186833230249,0.473611722394738,0.644470177922013,0.339135646208353,0.74255211900495,0.129405616949123,2,34,FALSE
"31","3_152_9",0,0.624925842974497,0.0487002177729661,0.0487002177729661,0.908262410680572,0.94775286366696,0.207681838296395,0.141761028145434,0.497692772144994,0.276467208100008,0.55963481369299,0.870502960812161,1,0.504093696481527,0.675748211194453,0.252835677006593,0.233649580001792,0.479621773251249,0.497449426080093,0.213273872466028,0.652667206282735,0.0137962002844672,2,34,FALSE
"32","3_158_3",0,0.616306450918109,0.0487363992562522,0.0487363992562522,0.884529341108443,0.77427062458419,0.012315752362054,0.347984687301525,0.470496809263323,0.0500007642556424,0.898084064022219,0.312348926628759,0.965464690771941,0.370627422080328,0.520481843814927,0.144411708325522,0.0192186833230249,0.445691276946319,0.644470177922013,0.600971444637637,0.74255211900495,0.129405616949123,2,34,FALSE
"33","3_176_1",0,0.610575994344477,0.0487053966981121,0.0487053966981121,0.838260103324659,0.821378109886714,0.18436801720502,0.451299623113283,0.428077877528495,0.0470520018079289,0.617236182719031,0.758051671296013,0.713450022121176,0.172692621078083,0.391465981404627,0.129336919333926,0.129644577781702,0.83196837707756,0.768763743210362,0.459154421193431,0.939699762448394,0.0638556192813426,2,34,FALSE
"34","3_189_6",0,0.43863282482048,0.0487387471779971,0.0487387471779971,0.500843406183153,0.583702518833562,0.676885343227009,0.583975124147646,0.0359254534055069,0.0624156687635416,0.956910290522731,0.618550948520209,0.0501745944464808,0.493637590805419,0.675748211194453,0.227075357101278,0.130533343722649,0.790778055413108,0.319432704921652,0.781313958562424,0.652667206282735,0,2,34,FALSE
"35","3_192_9",0,0.442220103488154,0.048727961966236,0.048727961966236,0.815461586924559,0.583702518833562,0.676885343227009,0.222103817605108,0.0207744090406922,0.000803820619698174,0.406569988788008,0.649115686627391,0.0501745944464808,0.467961826072904,0.720696650681153,0.155887456552563,0.133427769321175,0.801552940508759,0.319432704921652,0.634508565871849,0.850872673605835,0.02259171863335,2,34,FALSE
"36","3_212_4",0,0.406715452409979,0.0488446297656973,0.0488446297656973,0.710518962906008,0.514789362852572,0.778888052202322,0.358849522727118,0.258119422650513,0.0472728074214965,0.118635321541505,0.678694825751429,0.0466961310546729,0.0565806206422955,0.614596632675162,0.254201394586628,0.356113177475189,0.708145557408603,0.587245405528563,0.267075376751129,0.0411342106550121,0.0225040121542764,2,34,FALSE
"37","3_214_6",0,0.39008284531772,0.0489986682630997,0.0489986682630997,0.946985879038334,0.873945581159283,0.813543467312203,0.665310892737641,0.0511210442500014,0.0636336916081389,0.87412547057194,0.503781974798574,0.0718093664885242,0.474004921541647,0.980449925569182,0.267413325951721,0.378174884031568,0.752855557163381,0.299250918267432,0.647020234612476,0.335492475984529,0.09804761383189,2,34,FALSE
"38","3_218_3",0,0.437972425003323,0.0487957326482911,0.0487957326482911,0.800238297500907,0.614517610926691,0.639389736613975,0.297620883023752,0.0985247659510717,0.0318879242334413,0.48423520100599,0.617361807044867,0.0730606955450636,0.490595210969634,0.718632528273649,0.19588096704402,0.178553792339937,0.803877712638944,0.111122949803089,0.699875160664935,0.762272439099883,0.0325350415317969,2,34,FALSE
"39","3_218_8",0,0.42589414115279,0.0488148672762047,0.0488148672762047,1,0.492353644273651,0.74272387309976,0.375476754373225,0.102838975701256,0.036362393383881,0.952073420144627,0.588219645439339,0.0315752736499873,0.593708958799196,0.637143544375357,0.185290040183983,0.0861199203711026,0.951222535038389,0.317274509027786,0.739989359831647,0.942055757325102,0.0375291675026589,2,34,FALSE
"40","3_220_2",0,0.400831494916968,0.0489533028890152,0.0489533028890152,0.134833512897022,0.113237127072054,0.750463037940868,0.535022769677316,0.269177397306139,0.0111309070941261,0.0835673554645806,0.795502865752107,0.0315393118631377,0.716214579592653,0.500779529999844,0.203294147511408,0.296621619215924,0.646958650441743,0.152961406940648,0.591780575947412,0.773742130443745,0.130805568035784,1,22,FALSE
"41","3_222_2",0,0.418218512264449,0.0487821121715548,0.0487821121715548,0.932843043053654,0.625010983188046,0.732105964318343,0.181368007263445,0.102838975701256,0.036362393383881,0.983056596689041,0.621717443242682,0.0360103429656264,0,0.545942980180421,0.185290040183983,0.205052558306737,0.999115788571719,0.400745688536752,0.583229634288138,0.768049129323894,0.0375291675026589,2,34,FALSE
"42","4_145_2",0,0.182549926735699,0.0585105261963503,0.0585105261963503,0.266969514211628,0.786625632469065,0.903378866345672,0.704178064813378,0.572943711921019,1,0.809827215383052,0.354177514690361,0.00852901875998692,0.779222051537182,0.968465293158754,0.864800280542082,0.503200153272873,0,0.0157752248510602,0.113284668792684,0.64446188991688,0.739879074593125,4,25,FALSE
"43","4_148_5",0,0.186219022508851,0.058472497819013,0.058472497819013,0.266969514211628,0.786625632469065,0.975972745547128,0.704178064813378,0.572943711921019,1,0.809827215383052,0.354177514690361,0.00852901875998692,0.909429302496567,0.968465293158754,0.864800280542082,0.503200153272873,0,0.203346552966424,0.113284668792684,0.64446188991688,0.739879074593125,4,25,FALSE
"44","4_150_6",0,0.171563513647491,0.0568626509982267,0.0568626509982267,0.0948929600916523,0.669882258705783,0.855773079233531,0.416454120172538,0.715806358838413,0.321053302314705,0.991499320745519,0.277279097517655,0.0070192161071258,0.915200000884561,0.901657633178117,0.767797650603032,0.556903138228062,0.494528546264923,0.00295012857685018,0.140251738301938,0.74268380496139,0.369681708140583,4,25,FALSE
"45","4_176_2",0,0.262545053866898,0.0499731242808214,0.0499731242808214,0.43765697664688,0.978670626756767,0.796454135225905,0.0595292322515606,0.861466186681219,0.236736979675258,0.453811963018436,0.45661300537689,0.00837791403460698,0.725257707449833,0.928428407836535,0.905204088484068,0.182261249075431,0.60765743025998,0.115365760029578,0.127640073567917,0.665328674200429,0.0807317618615938,3,47,FALSE
"46","4_178_7",0,0.210508742364395,0.0514095644350535,0.0514095644350535,0.756343203319225,0.926936572460108,0.887606660580724,0.0656421286811379,0.958448191330303,0.362841945476187,0.124744287489806,0.518130601868845,0.00342550490776967,0.63107106293448,0.874379316959122,0.788094416760677,0.18383552993194,0.589357146665631,0.0219899309070726,0.265255532431772,0.347517775508984,0.391854658895873,3,47,FALSE
"47","4_182_1",0,0.209826016677611,0.0514674583407561,0.0514674583407561,0.756343203319225,0.926936572460108,0.887606660580724,0.0656421286811379,0.958448191330303,0.391596738151145,0.124744287489806,0.518130601868845,0.00342550490776967,0.63107106293448,0.874379316959122,0.79010461429437,0.18383552993194,0.589357146665631,0.0219899309070726,0.265255532431772,0.347517775508984,0.404362722654886,3,47,FALSE
"48","4_182_2",0,0.257719137812313,0.0499857202172924,0.0499857202172924,0.523294002738813,0.813833061497997,0.809208579224222,0.0693814530042581,0.887269513034535,0.125241924769999,0.320613943445347,0.5603074926225,0.00528134304590819,0.918332421281689,0.791991066735508,0.850138230312724,0.20642685851444,0.809436656069535,0.328868342287894,0.127912470112682,0.347060294912986,0.0877005326752561,3,47,FALSE
"49","4_184_9",0,0.218143032814336,0.0503893483018498,0.0503893483018498,0.668930031063668,0.948380420612109,0.952917786184204,0.0329252730396991,0.822871043925828,0.0765695580664518,0.525800313726496,0.395911723852724,0.00639572145847486,0.860074754827248,0.790776300666636,0.909036272098037,0.309340988354507,0.638215222070973,0,0.154314471776903,0.32536355228797,0.14983711128868,3,47,FALSE
"50","4_187_9",0,0.18970289902363,0.0530189318474367,0.0530189318474367,0.549676374381191,0.825184519023735,0.956592392493484,0.20309831648669,0.92543758458721,0.242735289590078,0.903710619566028,0.527679852501333,0.0114707494062134,0.998200596160629,0.808110603831489,0.909353785191226,0.429960429820301,0.126989653782639,0.0768594304976159,0.0343373905737932,0.546990436727908,0.605783586542726,4,25,FALSE
"51","4_190_5",0,0.190503501630444,0.052401676220172,0.052401676220172,0.916848218995572,0.998269075746797,0.973001653663023,0.0717406559685378,0.929647589253355,0.555567922426353,0.0433706044846968,0.573665631370238,0.00399471876726878,0.451523540748177,0.880959449132443,0.766576041900902,0.0276135783352418,0.480315360411076,0.0242400542434381,0.333078939668899,0.674029700069313,0.720814022098873,3,47,FALSE
"52","4_191_1",0,0.24482180705142,0.0498100087396304,0.0498100087396304,0.355979564034133,0.899678101025082,0.982379425433697,0.0110467184645409,0.764233198627615,0.0947544962815191,0.268382709383938,0.519825443231087,0.0255044015563982,0.877988952730474,0.797143753356913,1,0.189169858314405,0.84910477317525,0.150518918023045,0.146109835061782,0.201047753389617,0.0366805526132676,3,47,FALSE
"53","4_191_6",0,0.217686048018287,0.0506689195366013,0.0506689195366013,0.668930031063668,0.948380420612109,0.998867508768639,0.0109736918318896,0.790019531550625,0.107461573479729,0.158777222957663,0.395911723852724,0.00639572145847486,0.862580691241182,0.734320151473967,0.928758993665417,0.309340988354507,0.638215222070973,0.142023889774854,0.156378496079373,0.239231704834654,0.208914621386006,3,47,FALSE
"54","4_194_2",0,0.208756316265672,0.0517435861177031,0.0517435861177031,0.985726027223477,0.963863037547752,0.843285522006326,0.0298720266232911,0.790428523376414,0.363229645125586,0.124007721605574,0.401583197674355,0.0121587242236589,0.8509619766867,0.889470696158615,0.77667544300578,0.285988598520574,0.485435886777647,0.014745396197911,0.206424141328248,0.443850952498467,0.496571171211932,3,47,FALSE
"55","4_194_4",0,0.269132679668089,0.0495445081340426,0.0495445081340426,0.0426037611920718,0.872556775719024,0.980251753156615,0.038938017251711,0.898055080950071,0.0947544962815191,0.0427918884264904,0.589026628475975,0.0410405160499704,0.913779048351052,0.738025360306103,0.973901494998419,0.088054595712813,0.99533621539427,0.282757863403977,0.109398955311292,0.0223613994166963,0.00303870667727587,3,47,FALSE
"56","4_194_8",0,0.24618348758261,0.0500115143835777,0.0500115143835777,0.277210277600393,0.91447876385998,1,0.0677893965291161,0.952360650732187,0.1352187332922,0.243811787582108,0.482413205379488,0.0258158645742434,0.904812374352971,0.884762198576657,0.827125167734461,0.182946910216248,0.821004524878795,0.165298681794122,0.108425871996644,0.41684629141966,0.0949070285324623,3,47,FALSE
"57","4_195_1",0,0.267042518566609,0.0498224963745741,0.0498224963745741,0.404006770956101,0.951911269118511,0.878679122099678,0.164867813424302,1,0.207891011931635,0.171704914038896,0.444159122564708,0.0166197855051535,0.618753268704042,0.701265085961816,0.837770038472678,0.0521185143456139,0.81355940983057,0.136425514539386,0.276242568048078,0.0193590709878766,0.0472170379730934,3,47,FALSE
"58","4_196_8",0,0.188151035622101,0.0529308227358246,0.0529308227358246,0.516424349279801,0.985737962522444,0.953608842649246,0.179653638776012,0.845014051432388,0.394577552446641,0.810584602463903,0.489778778840223,0.0194288485238275,0.972408465503459,0.819884535423938,0.913177254768263,0.412216924677771,0.53910680859321,0.0737018679643153,0.0565253762808016,0.640684014368606,0.659555932175043,4,25,FALSE
"59","4_197_5",0,0.205802627217533,0.0516917593852944,0.0516917593852944,0.965024255671403,0.963863037547752,0.843285522006326,0.0298720266232911,0.609696364835627,0.33085825543317,0.143664459068006,0.401583197674355,0.0121587242236589,0.8509619766867,0.889470696158615,0.813620745243073,0.290966956921113,0.485435886777647,0.014745396197911,0.206424141328248,0.443850952498467,0.449989990447381,3,47,FALSE
"60","4_198_2",0,0.234271670932824,0.050025079883564,0.050025079883564,0.277210277600393,0.992264061940957,1,0.0677893965291161,0.952360650732187,0.1352187332922,0.243811787582108,0.630508790044708,0.0187854495828606,0.904812374352971,0.884762198576657,0.827125167734461,0.182946910216248,0.469166462576886,0.00148542001262539,0.108425871996644,0.41684629141966,0.0949070285324623,3,47,FALSE
"61","4_198_3",0,0.222172944321702,0.0503322523428324,0.0503322523428324,0.982305833895524,0.975501746037723,0.952011793295619,0.00838687603477316,0.822871043925828,0.0765695580664518,0.457772662110814,0.326710538607836,0.0086312803919932,0.826289408097238,0.804729774363311,0.909036272098037,0.410456250943102,0.491983779851954,0.0178994158273596,0.192676570993941,0.349707335158065,0.14983711128868,3,47,FALSE
"62","4_200_2",0,0.175065131158103,0.0561599006138609,0.0561599006138609,0.402957991471798,0.985737962522444,0.941674642548513,0.35027986055995,0.697938137353913,0.467397624395395,0.793131174245507,0.338174484078402,0.0194288485238275,0.869239942634203,0.844463277208598,0.742939541976292,0.609907995592035,0.53910680859321,0.0737018679643153,0.145277319145694,0.742348776897095,0.608461684559104,4,25,FALSE
"63","4_201_5",0,0.206851044068031,0.0513519606442311,0.0513519606442311,0.277210277600393,0.992264061940957,0.960242309908478,0.0163063234828816,0.817815374847928,0.1352187332922,0.243811787582108,0.630508790044708,0.0199256268389571,0.98367885021233,0.849362381741648,0.924835331677623,0.182946910216248,0.469166462576886,0.0223981209595203,0.0718665154611248,0.431990956748393,0.333771892985437,3,47,FALSE
"64","4_201_6",0,0.218176702114915,0.0503889420002385,0.0503889420002385,0.668930031063668,0.948380420612109,0.952917786184204,0.0329252730396991,0.822871043925828,0.0765695580664518,0.525800313726496,0.395911723852724,0.00639572145847486,0.860074754827248,0.790776300666636,0.909036272098037,0.309340988354507,0.638215222070973,0,0.154314471776903,0.3187051255547,0.14983711128868,3,47,FALSE
"65","4_202_3",0,0.20611561616356,0.0515539475437092,0.0515539475437092,0.867854615121577,0.943100271452916,0.960948393032482,0.0231818497670999,0.799017686579344,0.107632898218178,0.406315435015615,0.380137340343857,0.0128463044814171,0.814777781536077,0.776244098486102,0.909345117513417,0.390833752308249,0.523208381874525,0.061771823777574,0.154628293500851,0.322804258806579,0.418744264369881,3,47,FALSE
"66","4_204_8",0,0.23565278401847,0.0500551966509448,0.0500551966509448,0.277210277600393,0.900847776403703,1,0.0677893965291161,0.952360650732187,0.1352187332922,0.243811787582108,0.630508790044708,0.017915035984556,0.904812374352971,0.884762198576657,0.827125167734461,0.182946910216248,0.283680999834987,0.00148542001262539,0.108425871996644,0.41684629141966,0.0949070285324623,3,47,FALSE
"67","4_204_9",0,0.217529693459083,0.0504059776842836,0.0504059776842836,0.668930031063668,0.948380420612109,0.952917786184204,0.0329252730396991,0.837909194500216,0.0765695580664518,0.525800313726496,0.395911723852724,0.00639572145847486,0.860074754827248,0.790776300666636,0.921428443563776,0.309340988354507,0.638215222070973,0,0.154314471776903,0.32536355228797,0.14983711128868,3,47,FALSE
"68","4_205_8",0,0.213825560620472,0.0507307489836143,0.0507307489836143,0.343076200251713,0.970090278520928,0.993769316635716,0.0630119199671365,0.990878311686877,0.0453900644124453,0.227827430937504,0.699993910404908,0.0195090936721508,0.985339122130885,0.850349832011902,0.993959163376571,0,0.503396079268667,0.029686804288161,0.0414161088911055,0.25758311110056,0.198029330218417,3,47,FALSE
"69","4_208_1",0,0.222119752867452,0.0505016341294272,0.0505016341294272,0.611983857620307,0.965846058553169,0.960052028602773,0.0674206455423787,0.842842472708344,0.298909483359914,0.148188929091454,0.460880305741193,0.00715869736300161,0.813379742233114,0.765226476608513,0.951211070413568,0.247917843472851,0.615851954616401,0.00891003619081648,0.196495313699365,0.343178318250768,0.168447733091458,3,47,FALSE
"70","4_208_2",0,0.188614689649155,0.0525039290484441,0.0525039290484441,0.468581534903096,0.992264061940957,0.962887074022892,0.157280790326633,0.866483371292348,0.342705788694382,0.697230039403671,0.517924781034168,0.0187854495828606,0.958889247129014,0.832860067961339,0.895966837388377,0.366362921759471,0.525118739417184,0.00148542001262539,0.0669054754239702,0.595916469803535,0.546626151480588,4,25,FALSE
"71","4_208_7",0,0.202287630478709,0.0514134843696203,0.0514134843696203,0.756343203319225,0.926936572460108,0.970936918729354,0.0656421286811379,0.958448191330303,0.362841945476187,0.124744287489806,0.518130601868845,0.00342550490776967,0.724152558473431,0.874379316959122,0.788094416760677,0.18383552993194,0.589357146665631,0.0219899309070726,0.236439848470607,0.347517775508984,0.391854658895873,3,47,FALSE
"72","4_209_6",0,0.257336435400238,0.0499177124564456,0.0499177124564456,0.049780520213038,0.916525480033241,0.99793711287927,0.472979653713324,0.842174865897322,0.104105965968776,0.0248521324134627,0.75241690918965,0.0161812604431388,0.8641394765686,0.625539726594671,0.978810807160508,0.0193255367720342,0.946907208532197,0.418749241818065,0.11502860922322,0.0267281047385886,0.0545169686396506,3,47,FALSE
"73","4_210_2",0,0.177400829401177,0.0561643191854097,0.0561643191854097,0.402957991471798,0.985737962522444,0.917380537031059,0.35027986055995,0.697938137353913,0.467397624395395,0.793131174245507,0.338174484078402,0.0194288485238275,0.827880307120077,0.844463277208598,0.742939541976292,0.609907995592035,0.53910680859321,0.0737018679643153,0.145277319145694,0.742348776897095,0.608461684559104,4,25,FALSE
"74","4_210_5",0,0.196846535434328,0.0523832913091226,0.0523832913091226,0.685805311170162,0.998269075746797,0.973001653663023,0.0717406559685378,0.929647589253355,0.555567922426353,0.482504533459889,0.762058549133279,0.00399471876726878,0.451523540748177,0.880959449132443,0.766576041900902,0.431765791812719,0.480315360411076,0.0242400542434381,0.333078939668899,0.674029700069313,0.720814022098873,4,25,FALSE
"75","4_211_1",0,0.211003063816761,0.0509958428804553,0.0509958428804553,0.857040579902834,0.960337016963461,0.958085319674982,0.00891884452072672,0.764233198627615,0.111744063776054,0.406782287683436,0.365333519579438,0.0120059046239168,0.836629316975769,0.797143753356913,1,0.36619897231338,0.563407978516613,0.0444233162624028,0.183363223758364,0.201047753389617,0.270147402201927,3,47,FALSE
"76","4_211_5",0,0.190234910277852,0.0523360100750342,0.0523360100750342,0.468581534903096,0.992264061940957,0.944621155794307,0.157280790326633,0.866483371292348,0.342705788694382,0.697230039403671,0.517924781034168,0.0187854495828606,0.749939996395515,0.832860067961339,0.895966837388377,0.366362921759471,0.525118739417184,0.00395166096498302,0.222924467072828,0.595916469803535,0.546626151480588,4,25,FALSE
"77","4_211_6",0,0.216732955519186,0.0504757651735594,0.0504757651735594,0.668930031063668,0.948380420612109,0.952917786184204,0.00675178851345715,0.837909194500216,0.0765695580664518,0.525800313726496,0.395911723852724,0.00639572145847486,0.968812511814071,0.723893887477408,0.921428443563776,0.309340988354507,0.638215222070973,0,0.0886141703236503,0.32536355228797,0.14983711128868,3,47,FALSE
"78","4_212_1",0,0.200681591164652,0.0519395219602162,0.0519395219602162,0.303106324919302,0.996353642662033,0.931299874248067,0,0.737480220200583,0.362841945476187,0.540843108532031,0.510258050020114,0.0190017756928052,0.984717990550551,0.78748335553382,0.994240633125371,0.283529000819453,0.532291059691671,0.0047245382255423,0.0448440174413175,0.397372941800111,0.391854658895873,3,47,FALSE
"79","4_212_3",0,0.210267974401801,0.0511442979861135,0.0511442979861135,0.859203387007818,0.956889667885263,0.958657934442987,0.0231818497670999,0.771190096217961,0.110921830664479,0.406688917149872,0.368294283732322,0.0121739845949381,0.814777781536077,0.792963822475893,0.981869023475809,0.371125928312354,0.555368059188196,0.0478930177695308,0.154628293500851,0.225399054398856,0.299866774708505,3,47,FALSE
"80","4_212_5",0,0.212397903672997,0.0507386477532766,0.0507386477532766,0.706342271016953,0.949769522193298,0.993399091064798,0.0630119199671365,0.990878311686877,0.0453900644124453,0.227827430937504,0.721721138805737,0.0135707385517436,0.985339122130885,0.850349832011902,0.993959163376571,0.188511054918658,0.522837015043961,0.00626396292458418,0.0414161088911055,0.25758311110056,0.198029330218417,3,47,FALSE
"81","4_213_5",0,0.17591651655793,0.0561552481720289,0.0561552481720289,0.402957991471798,0.940582713078389,0.941674642548513,0.35027986055995,0.697938137353913,0.467397624395395,0.793131174245507,0.338174484078402,0.0194288485238275,0.869239942634203,0.844463277208598,0.742939541976292,0.609907995592035,0.53910680859321,0.0737018679643153,0.145277319145694,0.742348776897095,0.608461684559104,4,25,FALSE
"82","4_213_7",0,0.327463732621538,0.0492255664259765,0.0492255664259765,0.930170293045151,0.88399871882523,0.667548468220205,0.178099750989318,0.987125964961001,0.339756409378087,0.454769861880644,0.855342858931343,0.00290670177237989,0.905595470971841,0.926733170940755,0.720009246019285,0.0418038393150651,0.248458532051797,0.776120580116708,0.197610268110385,0.542043561482637,0.00100805439996501,3,47,FALSE
"83","4_213_8",0,0.189650442699462,0.0526427992946317,0.0526427992946317,0.685805311170162,0.998269075746797,0.973001653663023,0.0717406559685378,0.929647589253355,0.555567922426353,0.482504533459889,0.762058549133279,0.00399471876726878,0.963127923887944,0.880959449132443,0.766576041900902,0.431765791812719,0.480315360411076,0.0242400542434381,0.0403540193341944,0.674029700069313,0.720814022098873,4,25,FALSE
"84","4_214_7",0,0.192748236267525,0.0522553161617729,0.0522553161617729,0.444763164640265,0.981759581704677,0.960052028602773,0.293708017499709,0.726919004343841,0.433699996345556,0.664142725130824,0.362715648434436,0.016974818292141,0.690908501870954,0.828615917088581,0.784593847609998,0.537509965116207,0.554455837879563,0.0627164943678172,0.280336111355856,0.662514685217265,0.520458894192588,4,25,FALSE
"85","4_214_9",0,0.219241359709061,0.0504360855143492,0.0504360855143492,0.668930031063668,0.914030137728117,0.952917786184204,0.0329252730396991,0.837909194500216,0.0765695580664518,0.525800313726496,0.395911723852724,0.00598067894968444,0.860074754827248,0.790776300666636,0.921428443563776,0.309340988354507,0.365496330379907,0,0.154314471776903,0.32536355228797,0.14983711128868,3,47,FALSE
"86","4_215_4",0,0.197889864833282,0.0517806125594482,0.0517806125594482,0.303106324919302,0.996353642662033,0.931299874248067,0,0.737480220200583,0.362841945476187,0.540843108532031,0.510258050020114,0.0190017756928052,0.984717990550551,0.78748335553382,0.994240633125371,0.283529000819453,0.532291059691671,0.0047245382255423,0.169659210765318,0.397372941800111,0.391854658895873,3,47,FALSE
"87","4_215_6",0,0.212663524294799,0.0506498556048619,0.0506498556048619,0.458014305589354,0.925627330535424,0.955248702202493,0.0506073059795199,0.818100372436292,0.107632898218178,0.556325459381708,0.448117795323384,0.00589739091481264,0.878043637553023,0.77670708111795,0.909098041261737,0.24474733107438,0.732199007806899,0.00124475018500564,0.123687556674345,0.294723184522384,0.203618541904921,3,47,FALSE
"88","4_215_8",0,0.214327411187376,0.0512175577447151,0.0512175577447151,0.465080745678807,0.940204245088306,0.993769316635716,0.0502303579368597,0.97316390562091,0.201044931788304,0,0.624900266438384,0.00908259202082613,0.895472153493684,0.827063244206061,0.99064637729414,0.0758445855233159,0.58268281002364,0.0285542723610233,0.119647385238842,0,0.205520919583541,3,47,FALSE
"89","4_216_3",0,0.232909217890919,0.0499979839250234,0.0499979839250234,0.049780520213038,0.897103631584843,0.958078990451245,0.472979653713324,0.842174865897322,0.104105965968776,0.0248521324134627,0.535534478454744,0,0.996017232957886,0.625539726594671,0.978810807160508,0.0193255367720342,0.842148155277849,0.0345724530209663,0.11502860922322,0.0267281047385886,0.0545169686396506,3,47,TRUE
"90","4_216_5",0,0.232573589293839,0.0504400650002474,0.0504400650002474,0.439853452541793,0.918951060525686,0.899063202364036,0.030163063191795,0.810848041503827,0.137769632410075,0.499019925761881,0.462735823421181,0.0231553091104656,0.891709930084692,0.793049275471836,0.929371470908937,0.227004572915444,0.681755486719935,0.0760734834225294,0.143111957310258,0.312543193853332,0.167489696210132,3,47,FALSE
"91","4_216_6",0,0.197007332294299,0.0523389724315015,0.0523389724315015,0.518254619918718,0.93497428290995,0.943707917375216,0.314938426157783,0.75967415517315,0.384155355949819,0.637274945635459,0.348822314948547,0.0199393441416467,0.867182653683379,0.837116841711268,0.786382278822962,0.499109650577313,0.900311027217882,0.106007781928579,0.162276467243375,0.606080756882825,0.49413139223482,4,25,FALSE
"92","4_217_3",0,0.167288062249466,0.056803711405465,0.056803711405465,0.344013995821994,0.885373681799095,0.924398896318487,0.160397441560344,0.784556267370008,0.530330831748198,0.76616083192829,0.202163821739854,0.0155292366178365,0.570723566084231,0.935888005713098,0.666134701065013,0.648042457279171,0.573669082432854,0.112680912744618,0.360931548601161,0.954529230362039,0.630117276475281,4,25,FALSE
"93","4_217_8",0,0.217579388837275,0.0507027818010913,0.0507027818010913,0.552861507205553,0.938525579487336,0.950981288358603,0.0594452782859014,0.98530959339639,0.194701905378371,0.457627973996024,0.492065911071721,0.0047048350308877,0.883895226318506,0.875605696857392,0.79302968586582,0.214780415815921,0.686146498478588,0.0223911594285014,0.121663430857156,0.505721016112321,0.223396508234943,3,47,FALSE
"94","4_219_5",0,0.230216778334208,0.0503703476593846,0.0503703476593846,0.911378983468472,0.922423688705443,0.998225006429371,0.0691232235538099,0.890270240896564,0.149737921575116,0.725045680975108,0.187598929729876,0.0193919706589299,0.787326151700284,0.863838834653645,0.83139710041361,0.473566597022622,0.743940697026497,0.00877928339778159,0.164705106496353,0.462879316448792,0.162195355653651,3,47,FALSE
"95","4_219_6",0,0.232735396750501,0.05033224087697,0.05033224087697,0.644754160215577,0.976139372252745,0.978099459055621,0.0975040405446436,0.842174865897322,0.0600517955713617,0.370466043496614,0.719821528332084,0.0109577996250335,0.915361991424477,0.625539726594671,0.978810807160508,0.0259942696534471,0.661113344950682,0.00251313535113192,0,0.0267281047385886,0.0639801827509557,3,47,FALSE
"96","4_219_7",0,0.217162805408157,0.0506488982110166,0.0506488982110166,0.181015430660806,1,0.902054984493566,0.0891980614047062,0.7298319784896,0.121290414346523,0.0419884306698968,0.386333759883884,0.000191120341712088,0.786968600940577,0.766600791603722,0.852487893798209,0.0430157383876674,0.923165232219872,0.00988497356483231,0.214372341507031,0.454661300122745,0.166803693555517,3,47,FALSE
"97","4_219_9",0,0.19711523351743,0.0519567995946476,0.0519567995946476,0.518254619918718,0.958924422212575,0.909487376921774,0.0608598113001348,0.788829283453906,0.352556676977892,0.637274945635459,0.348822314948547,0.00569079246062349,0.919851287566759,0.803478869636524,0.879897979943319,0.499109650577313,0.900311027217882,0.0803939970451237,0.205436050806657,0.558042170231412,0.502835252542919,4,25,FALSE
"98","4_220_3",0,0.216472986752042,0.0507662535087587,0.0507662535087587,0.449128438881804,0.978012757270686,0.998967966678736,0.104894984781197,0.958589613943388,0.0062764867937484,0.632111255324761,0.839014021706288,0.0193067111348691,1,0.863846545641492,0.904448219921236,0.312468266299214,0.384250118624398,0.151602211983989,0.191136857559273,0.171214831197412,0.25334200334436,3,47,FALSE
"99","4_220_5",0,0.188823423483298,0.0523151725012989,0.0523151725012989,0.685805311170162,0.998269075746797,0.973001653663023,0.110148252372324,0.913424142057626,0.555567922426353,0.482504533459889,0.762058549133279,0.00399471876726878,0.963127923887944,0.939363329245269,0.750566370811731,0.431765791812719,0.480315360411076,0.0242400542434381,0.290680187071503,0.59896305492411,0.720814022098873,4,25,FALSE
"100","4_220_6",0,0.188363562553397,0.0527104362528805,0.0527104362528805,0.112368049787187,0.706555477985708,0.924964794881169,0.334616415815074,0.822319269194857,0.457535465732097,0.612158026568029,0.381692076085978,0.00717331416153793,0.813740238883374,0.815453508437802,0.734354288671453,0.430232612600893,0.594569783669532,0.0236727945678754,0.160818335976628,0.641835784461182,0.624137605599706,4,25,FALSE
"101","4_220_9",0,0.249789995102693,0.049398042214649,0.049398042214649,0.0972177452479222,0.848190917675192,0.897516705736833,0.0303646073895799,0.900646257467265,0.0710256559683768,0.0794402230931333,0.626850304577685,0.00191151987650793,0.80363346747044,0.817602906404079,0.921629335110656,0.0190431132584022,0.774622312918146,0.117712731727141,0.218176596838274,0.251104509055673,0.0141558900572174,3,47,FALSE
"102","4_221_4",0,0.186729286007697,0.0527868543318721,0.0527868543318721,0.444763164640265,0.983522949589687,0.942757699053863,0.26736779908907,0.658606345424364,0.433699996345556,0.664142725130824,0.362715648434436,0.0270596616781691,0.79062309040148,0.825981561137567,0.852757336378115,0.537509965116207,0.554455837879563,0.0664961249487424,0.29261190257116,0.725448938263029,0.714072932278342,4,25,FALSE
"103","4_221_6",0,0.221968237707582,0.050402972837762,0.050402972837762,0.668930031063668,0.948380420612109,0.952917786184204,0.197900726266985,0.846358167064173,0.0765695580664518,0.525800313726496,0.395911723852724,0.00639572145847486,0.860074754827248,0.757870251329684,0.920581303294745,0.309340988354507,0.638215222070973,0,0.154314471776903,0.113250157480093,0.14983711128868,3,47,FALSE
"104","4_222_1",0,0.231133786130006,0.0500847061569865,0.0500847061569865,0.303106324919302,0.996353642662033,0.931299874248067,0,0.868013050013929,0.129388913864697,0.171720800243818,0.510258050020114,0.0190017756928052,0.984717990550551,0.78748335553382,0.936151594713599,0.283529000819453,0.532291059691671,0.0047245382255423,0.169659210765318,0.280358195653996,0.089695643839546,3,47,FALSE
"105","4_222_3",0,0.210220732481998,0.0508519442664011,0.0508519442664011,0.76417349456963,0.927159677051058,0.955248702202493,0.0506073059795199,0.818100372436292,0.107632898218178,0.509654599282057,0.649558194613916,0.00559914197964013,0.878043637553023,0.77670708111795,0.909098041261737,0.363336763972975,0.690618448355185,0.00124475018500564,0.123687556674345,0.294723184522384,0.203618541904921,3,47,FALSE
"106","4_222_9",0,0.255255136659863,0.0499315709854693,0.0499315709854693,0.049780520213038,0.916525480033241,0.99793711287927,0.472979653713324,0.842174865897322,0.104105965968776,0.0248521324134627,0.75241690918965,0.0161812604431388,0.8641394765686,0.625539726594671,0.978810807160508,0.0193255367720342,0.946907208532197,0.418749241818065,0.11502860922322,0.475950134510975,0.0545169686396506,3,47,FALSE
"107","4_223_3",0,0.194620774412442,0.0519450536853856,0.0519450536853856,0.731032251612626,0.958924422212575,0.909487376921774,0.0608598113001348,0.788829283453906,0.352556676977892,0.637274945635459,0.395012106885384,0.00569079246062349,0.919851287566759,0.803478869636524,0.879897979943319,0.499109650577313,0.900311027217882,0.0803939970451237,0.205436050806657,0.558042170231412,0.502835252542919,4,25,FALSE
"108","4_223_5",0,0.170017501385231,0.0591342966257211,0.0591342966257211,0.0826842601414151,0.940582713078389,0.941674642548513,0.397508999267707,0.512957262492607,0.527358271372384,0.824258582949262,0,0.0194288485238275,0.554825214742893,0.753291586061893,0.827930667836451,0.879224274151016,0.752010456771045,0.0737018679643153,0.319505027510201,0.774858402565651,1,4,25,FALSE
"109","4_223_7",0,0.292686553639712,0.0494553134145952,0.0494553134145952,0.99318572215132,0.80992995009253,0.685258160495625,0.173892066991227,0.942913714271257,0.339756409378087,0.454769861880644,0.766796181433495,0.00556978287675143,0.821043552890125,0.926733170940755,0.795451866575238,0.0418038393150651,0.552409180530489,0.157781008054906,0.257004923874457,0.468857370127849,0.044952120643866,3,47,FALSE
"110","4_223_8",0,0.188840777327689,0.0523151028404198,0.0523151028404198,0.685805311170162,0.998269075746797,0.973001653663023,0.110148252372324,0.929271199708766,0.555567922426353,0.482504533459889,0.762058549133279,0.00399471876726878,0.963127923887944,0.939363329245269,0.750566370811731,0.431765791812719,0.480315360411076,0.0242400542434381,0.290680187071503,0.59896305492411,0.720814022098873,4,25,FALSE
"111","4_223_9",0,0.178379047106435,0.0560956622434814,0.0560956622434814,0.68388242928879,0.730600314358679,0.924964794881169,0.334616415815074,0.822319269194857,0.457535465732097,1,0.472911048942888,0.0116526277455373,0.813740238883374,0.815453508437802,0.734354288671453,0.705441594262862,0.473346018104163,0.0236727945678754,0.160818335976628,0.641835784461182,0.624137605599706,4,25,FALSE
"112","5_169_9",0,0.319330306201465,0.0492206917143704,0.0492206917143704,0.16313080055145,0.575017439287496,0.961537800002613,0.616875053240397,0.565888931083227,0.176380771250654,0.046482075421123,0.153647481542375,0.0147816224327615,0.441070740147153,0.505667876065533,0.571776104155641,0.569013964645669,0.838894833557951,0.18379457124104,0.582839968951889,0.196595450879821,0.0011630005865334,1,22,FALSE
"113","5_186_1",0,0.30768297588755,0.0494082094809338,0.0494082094809338,0.25579469018511,0.533034271921268,0.981167823007046,0.667249185710016,0.413116964667282,0.240444976115352,0.23369088369613,0.416880319729113,0.00214249061355075,0.447019649396245,0.552223590338352,0.477650980790757,0.624248769242752,0.899401798013336,0.0410380467365348,0.576821091764284,0.277396959802678,0.0662413692201805,1,22,FALSE
"114","5_186_6",0,0.28496791466282,0.0494479995256267,0.0494479995256267,0.16313080055145,0.575017439287496,0.953553293179938,0.385598568925551,0.395984005247597,0.0880155509515645,0.0734513567953288,0.153647481542375,0.0147816224327615,0.696382356015586,0.692824381620732,0.804160700804121,0.953361838608832,0.838894833557951,0.246379657837471,0.645477063448328,0.372529183644328,0.0208391569791886,1,22,FALSE
"115","5_199_2",0,0.298080252802898,0.0493105953803212,0.0493105953803212,0.428836289900636,0.552691724331644,0.973115273048402,0.390476516465675,0.0353903603063023,0.0537160012483719,0.267284575652195,0.355317010601855,0.00736042130111746,0.670149001443268,0.999674169625344,0.645988324304205,0.524559953777437,0.774956037118149,0.177336724221502,0.685826677193105,0.929545238494398,0.0423020868877846,1,22,FALSE
"116","5_209_2",0,0.348531458564154,0.0489891890157179,0.0489891890157179,0.428836289900636,0.552691724331644,0.973115273048402,0.390476516465675,0.0353903603063023,0.0537160012483719,0.267284575652195,0.355317010601855,0.00736042130111746,0.670149001443268,0.999674169625344,0.362728164823626,0.524559953777437,0.774956037118149,0.177336724221502,0.685826677193105,0.929545238494398,0.0423020868877846,1,22,FALSE
"117","5_210_4",0,0.267733041871838,0.0499694098414057,0.0499694098414057,0.296594227769486,0.548625511007047,0.97040825966506,0.291259461930643,0.0917132839097791,0.30773828047636,0.278873285570872,0.482995832719575,0.00298429108063056,0.564866684098336,0.823341778993341,0.626067984278375,0.813578653666565,0.513476748277014,0.0234402171532887,0.789020713931092,0.504398888462061,0.194078347176674,1,22,FALSE
"118","5_211_2",0,0.209323160226129,0.0516306315771541,0.0516306315771541,0.128088765865167,0.668374073081726,0.956098679989316,0.0940804612948523,0.43272589817278,0.491258060499869,0.294015079532674,0.4294584364131,0.00703434362931627,0.769043672489672,0.706139844811138,0.624469953341284,1,0.88856660983128,0.131332490389638,0.642423475621434,0.291368427996227,0.850243487027395,4,25,TRUE
"119","5_211_9",0,0.264141378504426,0.0498643397516882,0.0498643397516882,0.403940000107041,0.556688776255254,0.998833296604986,0.115648837569469,0,0.136876449949979,0.278312812742005,0.285160283474456,0.00957362335867213,0.910462141828706,1,0.655683811811298,0.990310086449851,0.752087407505125,0.0238648181144581,0.740214061628327,0.567478205060519,0.119661107155835,1,22,TRUE
"120","5_213_5",0,0.373848285964177,0.0489870213736213,0.0489870213736213,0.472945618632341,0.586826905005415,0.981324233291217,0.158105330672546,0.060654618293468,0.0676708180229957,0.294954327101667,0.256580436160114,0.00175375123581003,0.801653663500554,0.497540012549496,0.15974467328649,0.761548060475327,0.696318610382511,0.0403838608569782,0.68819702219617,0.154692426086391,0.0806861069830361,1,22,FALSE
"121","5_217_4",0,0.289147042887038,0.0495366387644422,0.0495366387644422,0.160330992008394,0.537594040512034,0.986860541171975,0.100690393022538,0.340252144509153,0.138253042249708,0.115815867088239,0.39270127085387,0.0194025680209719,0.816565417210296,0.708220886310757,0.859750996348315,0.501616618892267,0.961536834397876,0.276145509341919,0.71199671979721,0.799115409707356,0.0191664270971051,1,22,FALSE
"122","5_219_2",0,0.357299826181343,0.049001496927742,0.049001496927742,0.448753321776335,0.549494082912314,0.973115273048402,0.284999327720579,0.0276559774354042,0.0499928229375726,0.258461985980347,0.41144239220987,0.00558985965698866,0.670149001443268,0.989465512990679,0.243086322214654,0.151959847639505,0.79325094078133,0.30011424904573,0.681623682980512,0.514626967752839,0.112497128911475,1,22,FALSE
"123","5_220_2",0,0.374766103343415,0.0489163477404429,0.0489163477404429,0.685510010030043,0.568966333184202,0.996973817282492,0.162007688639192,0.060654618293468,0.0676708180229957,0.450020902103287,0.417916059266842,0.00367409702496491,0.780666979938931,0.743019842828996,0.15974467328649,0.418506552532224,0.645167573257908,0.0141300683105815,0.720476713314855,0.600305269793423,0.0806861069830361,1,22,FALSE
"124","5_220_7",0,0.273635002663814,0.0496315137489263,0.0496315137489263,0.440424164744823,0.601895407047485,0.976199365967636,0.0335605284011517,0.340252144509153,0.138253042249708,0.115815867088239,0.295749651794909,0.0119030739864152,0.93537624264938,0.461724683347051,0.859750996348315,0.417335220257813,0.538134174020102,0.125526604509702,0.682349807645596,0.175221887142539,0.0191664270971051,1,22,FALSE
"125","5_222_5",0,0.357136665842433,0.0489927261923081,0.0489927261923081,0.448753321776335,0.549494082912314,0.973115273048402,0.187386488053162,0.0276559774354042,0.0499928229375726,0.258461985980347,0.41144239220987,0.00558985965698866,0.670149001443268,0.989465512990679,0.243086322214654,0.151959847639505,0.79325094078133,0.30011424904573,0.681623682980512,0.514626967752839,0.112497128911475,1,22,FALSE
"126","5_222_9",0,0.30506543432165,0.0492980300991149,0.0492980300991149,0.217845919764699,0.616124492300777,0.938396289699321,0.667792664860837,0.362198878320701,0.00545787652178744,0.216383526556035,0.177791002125784,0.0196996508358336,0.539919763001549,0.823819786501776,0.638633057937131,0.302708418733463,0.523660076553646,0.197431802941419,0.600195938440257,0.222062159138239,0.0300953013718125,1,22,FALSE
"127","5_223_2",0,0.284722860803745,0.0496165445470596,0.0496165445470596,0.10585203195839,0.715344128787318,0.878770974494738,1,0.0835114987845075,0.0933603575617648,0.179606545731977,0.179599643466846,0.00808996691868801,0.561880165276109,0.583581053901981,0.91488609448956,0.485088397046654,0.584043418626425,0.249322267330584,0.546928353512954,0.953870323157241,0.0124095921688381,1,22,FALSE
"128","5_223_9",0,0.519104765502152,0.0488109311988335,0.0488109311988335,0.56357757760165,0.558612357459865,0.941131706179869,0.0441896800655025,0.376025254241706,0.0347844988023954,0.375295245142322,0.582165782997158,0.00826275300357406,0.713972201625494,0.641182296743329,0.049086595734552,0.245411756928682,0.594602013955599,0.232705461217641,0.762639002822536,0.881694850150509,0.096429608265973,1,22,FALSE
